,J+0_sun_exact,J+0_wind_exact,J+1_sun_exact,J+1_wind_exact,J+2_sun_exact,J+2_wind_exact,J+3_sun_exact,J+3_wind_exact
2022-02-01,25765920000.0,31466.328,31114540000.0,,32642183000.0,,28279611000.0,
2022-02-02,29528115000.0,23458.852,33834072000.0,23660.15,27386348000.0,,48450750000.0,
2022-02-03,31243862000.0,17821.512,26331107000.0,16497.27,52781347000.0,18382.998,29897490000.0,
2022-02-04,27672281000.0,25493.373,53626667000.0,23982.268,25317196000.0,23833.615,42333487000.0,23033.793
2022-02-05,51223840000.0,21595.236,24317444000.0,21771.31,51831407000.0,20217.459,53481144000.0,18443.164
2022-02-06,25921352000.0,40653.973,51145093000.0,41731.098,50953840000.0,40516.46,59150746000.0,39200.55
2022-02-07,50347130000.0,25176.125,50424530000.0,26043.072,58389447000.0,28410.396,41249063000.0,27022.648
2022-02-08,54663754000.0,15103.565,60378878000.0,15013.622,42138173000.0,15695.452,51210290000.0,15583.261
2022-02-09,62456844000.0,15207.945,44285540000.0,13820.899,54964404000.0,13812.151,58155745000.0,15135.395
2022-02-10,45625917000.0,18670.135,56119510000.0,17465.674,59577713000.0,18252.107,53674033000.0,20380.256
2022-02-11,56049690000.0,17582.738,58054435000.0,17392.412,55660870000.0,17500.873,35011430000.0,18686.584
2022-02-12,58122870000.0,17632.842,57765454000.0,17201.916,34215330000.0,15767.551,48566730000.0,16451.166
2022-02-13,54332290000.0,34555.35,34635567000.0,34232.137,37017960000.0,33536.277,14967702000.0,32621.908
2022-02-14,33652187000.0,32860.594,37962277000.0,31554.922,14909276000.0,30909.701,43171897000.0,32205.148
2022-02-15,36992460000.0,30952.111,16188064000.0,31924.834,36594917000.0,30596.494,41185657000.0,27448.951
2022-02-16,14606301000.0,42321.254,42421880000.0,41462.48,41058894000.0,42879.043,66284257000.0,37566.934
2022-02-17,43270996000.0,36069.81,44380930000.0,35353.67,63962400000.0,34436.023,37261410000.0,36220.543
2022-02-18,44245746000.0,38204.074,60941600000.0,36888.67,36535420000.0,39053.176,54304522000.0,40408.324
2022-02-19,59169720000.0,31365.963,36952523000.0,31092.861,56113824000.0,29606.484,49476436000.0,27962.646
2022-02-20,34078489000.0,39396.617,53338554000.0,40305.81,45897425000.0,41649.84,68008567000.0,42308.324
2022-02-21,52212163000.0,47931.168,48566860000.0,48626.203,66734350000.0,47822.17,48705618000.0,48511.56
2022-02-22,47159920000.0,28734.525,63190810000.0,28563.639,49067460000.0,29830.318,75821480000.0,28958.924
2022-02-23,65164570000.0,13427.98,49857516000.0,14019.552,73740730000.0,13780.327,88124030000.0,15788.7
2022-02-24,52371470000.0,26417.906,76350780000.0,25752.578,88049530000.0,23599.555,62183244000.0,22903.752
2022-02-25,78597640000.0,21008.998,88560350000.0,20655.057,86149790000.0,22404.877,88176130000.0,18652.838
2022-02-26,89142845000.0,23471.455,83827430000.0,23617.29,84069876000.0,24336.412,65173324000.0,22507.729
2022-02-27,84240744000.0,20485.861,84907970000.0,20757.014,59500070000.0,20227.676,41766945000.0,21540.932
2022-02-28,87332725000.0,14451.461,67844760000.0,14593.878,51920044000.0,14839.315,58234536000.0,13938.296
2022-03-01,60701490000.0,14293.446,44376875000.0,14956.442,56544797000.0,15340.151,67540040000.0,13719.608
2022-03-02,42590396000.0,15065.211,51562373000.0,15911.871,56030036000.0,15366.228,66065023000.0,14888.359
2022-03-03,59560460000.0,12595.794,58679157000.0,12617.644,74121355000.0,15117.905,92888860000.0,16041.113
2022-03-04,57702940000.0,19630.178,72197050000.0,19172.709,90677200000.0,19576.697,99700820000.0,17213.787
2022-03-05,74044430000.0,17659.799,83335225000.0,17454.979,96959040000.0,16669.268,97825686000.0,14648.634
2022-03-06,90278300000.0,20689.697,98537340000.0,19937.674,90144310000.0,19125.703,91546845000.0,16035.179
2022-03-07,100184770000.0,21535.955,84005850000.0,22028.375,92822680000.0,19357.408,81542380000.0,21980.812
2022-03-08,81099900000.0,21889.814,90667990000.0,21672.691,74930320000.0,21669.842,57817104000.0,21694.799
2022-03-09,88854090000.0,21542.135,79964430000.0,22003.531,55543955000.0,18396.053,59137868000.0,18363.95
2022-03-10,70057130000.0,21623.861,48076760000.0,22141.36,51431547000.0,23218.766,43317250000.0,20189.158
2022-03-11,51740393000.0,34625.547,54679503000.0,35994.258,42947592000.0,34881.55,60593144000.0,34427.54
2022-03-12,53437374000.0,29180.58,40514347000.0,29735.031,77182320000.0,30700.672,67624010000.0,33745.637
2022-03-13,43020270000.0,28654.898,80537630000.0,28357.15,73547090000.0,28696.6,94102030000.0,28712.072
2022-03-14,80458410000.0,23136.273,68677150000.0,22821.32,83705400000.0,22437.26,58175095000.0,24960.0
2022-03-15,70706810000.0,25864.688,81902160000.0,25748.236,55344234000.0,25457.5,89314165000.0,25492.65
2022-03-16,85734310000.0,20056.197,69059720000.0,19587.834,91048360000.0,18813.682,96423590000.0,18796.182
2022-03-17,61520544000.0,25132.834,83662770000.0,26138.236,106160570000.0,24336.883,85292760000.0,24863.475
2022-03-18,86011510000.0,30407.373,104789850000.0,31333.844,89907970000.0,30777.674,105064006000.0,31293.725
2022-03-19,106871210000.0,25885.576,87407050000.0,26367.46,104482670000.0,27828.275,119358095000.0,29530.904
2022-03-20,89639354000.0,21329.543,104386494000.0,21359.852,112415110000.0,22440.045,118038990000.0,22628.666
2022-03-21,102723060000.0,23903.604,117677064000.0,25148.008,122629490000.0,23072.951,123510820000.0,24129.883
2022-03-22,117785090000.0,24360.602,122422760000.0,24677.771,122855360000.0,25830.822,123642050000.0,22556.377
2022-03-23,122549680000.0,17476.162,122464895000.0,18322.346,122235830000.0,19267.336,123728230000.0,20567.611
2022-03-24,123075985000.0,14546.923,123406910000.0,15989.933,123455440000.0,15654.254,124572070000.0,17182.232
2022-03-25,123183940000.0,18967.783,124701640000.0,19994.178,119426010000.0,19717.318,122929350000.0,19419.473
2022-03-26,125545120000.0,22637.424,123407760000.0,23166.244,118335410000.0,22242.307,75461230000.0,21820.459
2022-03-27,124812935000.0,16534.951,115154400000.0,16571.928,66776760000.0,16990.604,59031060000.0,15849.6455
2022-03-28,115597230000.0,14282.302,72793080000.0,15365.692,59891515000.0,13519.957,79473540000.0,13319.161
2022-03-29,77628900000.0,15855.569,53960090000.0,18707.93,65514856000.0,18734.586,105086580000.0,18537.393
2022-03-30,56027537000.0,17028.088,75107870000.0,18378.756,98401616000.0,21664.459,95898570000.0,24787.107
2022-03-31,73582520000.0,28691.244,84402990000.0,29699.555,101597450000.0,29595.555,115546720000.0,27519.4
2022-04-01,86847910000.0,38860.207,100291560000.0,40016.527,119513860000.0,37693.457,129307935000.0,37542.605
2022-04-02,98306620000.0,33233.08,122598520000.0,34022.258,115839340000.0,34809.77,65271136000.0,32096.889
2022-04-03,120921555000.0,20663.207,120002410000.0,22288.086,79886060000.0,22168.174,83039220000.0,23409.162
2022-04-04,115012125000.0,19388.346,81502370000.0,19017.918,64278938000.0,19421.807,45615284000.0,18200.209
2022-04-05,74023220000.0,20819.385,64848216000.0,20568.104,47962227000.0,21547.404,63722963000.0,22192.514
2022-04-06,62106240000.0,27527.44,48072974000.0,27659.13,54778913000.0,27743.35,132059480000.0,27031.553
2022-04-07,54136517000.0,45250.83,55071674000.0,44014.297,124030370000.0,42347.176,145791780000.0,42111.863
2022-04-08,53464478000.0,38357.746,124226716000.0,38577.207,147564720000.0,42112.31,137256830000.0,34372.805
2022-04-09,118666510000.0,21987.94,143048560000.0,21677.809,138360590000.0,21879.611,108340840000.0,22722.564
2022-04-10,142777070000.0,18306.686,135034980000.0,18050.703,102993590000.0,18979.52,91203630000.0,16874.85
2022-04-11,133353840000.0,31578.877,98734560000.0,32273.344,94971950000.0,30944.498,124214410000.0,30594.22
2022-04-12,101249835000.0,26219.807,96268020000.0,24850.967,131873096000.0,24931.771,143783790000.0,23853.414
2022-04-13,92636865000.0,12018.309,130269340000.0,12452.078,142186270000.0,12172.278,154005210000.0,12515.333
2022-04-14,134927340000.0,12259.62,140868710000.0,12763.087,147188940000.0,11895.091,152207690000.0,12215.456
2022-04-15,142029320000.0,16561.314,152033590000.0,15426.026,157810880000.0,16183.126,136653830000.0,14371.785
2022-04-16,151515140000.0,23387.498,155889170000.0,24322.1,137214430000.0,21343.092,110821540000.0,21270.654
2022-04-17,154888780000.0,19897.412,142889760000.0,19838.8,122762985000.0,19894.861,96904840000.0,15153.542
2022-04-18,137983360000.0,16545.338,120333600000.0,17277.137,94716720000.0,19855.424,95765860000.0,23799.844
2022-04-19,118694670000.0,17418.291,107838380000.0,19141.428,113694050000.0,18700.834,127735990000.0,20210.268
2022-04-20,100783520000.0,19930.889,111877060000.0,19434.496,130558165000.0,20151.674,79913520000.0,18181.5
2022-04-21,116361495000.0,17029.574,141194630000.0,17815.791,89612710000.0,17140.39,86407510000.0,14153.616
2022-04-22,137691790000.0,17915.525,79210460000.0,18810.4,82390630000.0,19258.299,114853940000.0,18666.982
2022-04-23,76437880000.0,25766.877,76598890000.0,26254.26,118836986000.0,28746.674,154960220000.0,26350.31
2022-04-24,79992365000.0,21288.918,120587820000.0,22505.693,149920700000.0,22122.217,162564150000.0,21659.932
2022-04-25,120251290000.0,17380.482,151909560000.0,17819.975,157845360000.0,18208.24,156720560000.0,18741.785
2022-04-26,151375450000.0,17637.123,158311350000.0,18002.025,148562050000.0,19022.174,135730135000.0,17656.846
2022-04-27,156973990000.0,22009.484,146808640000.0,23115.742,131680630000.0,23255.885,128150800000.0,22389.924
2022-04-28,152445370000.0,19002.062,142858670000.0,18381.045,151280090000.0,19623.213,138951330000.0,21101.521
2022-04-29,137978640000.0,17337.023,151577530000.0,17333.39,135680230000.0,15807.867,105129800000.0,15719.152
2022-04-30,146808640000.0,20506.6,139579950000.0,20110.125,107077630000.0,20579.389,109664860000.0,17701.205
2022-05-01,141616580000.0,16044.864,125376070000.0,16477.232,126602840000.0,16477.902,134172344000.0,17721.404
2022-05-02,124955080000.0,16125.673,127653330000.0,16880.795,131425930000.0,15971.003,149243100000.0,15730.665
2022-05-03,122555550000.0,16249.573,122014745000.0,17201.145,125601940000.0,18549.76,146488230000.0,16160.7295
2022-05-04,118829030000.0,15338.534,118542460000.0,14988.32,150307960000.0,14785.624,134254950000.0,16954.398
2022-05-05,124491825000.0,18102.602,143221080000.0,18632.477,139236880000.0,17846.38,143095630000.0,16653.686
2022-05-06,144235660000.0,21051.373,142538600000.0,21605.715,146181000000.0,21977.834,165729200000.0,22553.15
2022-05-07,141366540000.0,19222.832,145020140000.0,20412.693,163098500000.0,19726.412,160883180000.0,20767.771
2022-05-08,147716150000.0,19072.236,164702100000.0,19223.822,155153000000.0,19915.451,172759120000.0,20942.557
2022-05-09,165015540000.0,11551.251,159216780000.0,12144.259,170192760000.0,12334.746,144674910000.0,12915.364
2022-05-10,150914400000.0,15431.7,164510900000.0,15672.017,144667210000.0,16479.764,147645700000.0,14958.661
2022-05-11,163156430000.0,24198.35,133382080000.0,23735.14,148347100000.0,18035.307,153970310000.0,17382.686
2022-05-12,130350990000.0,16248.255,153794200000.0,15930.989,158667340000.0,17099.217,148440680000.0,18131.447
2022-05-13,145831900000.0,13489.032,161180200000.0,13895.259,137549090000.0,14428.984,136921510000.0,14802.733
2022-05-14,159779290000.0,13893.511,147703040000.0,13038.058,138485300000.0,14257.878,166181140000.0,14768.453
2022-05-15,148417220000.0,20236.682,141513980000.0,20638.89,167657830000.0,19739.316,169144060000.0,16201.5625
2022-05-16,144118550000.0,16335.458,166538580000.0,15990.024,166650940000.0,15953.5625,142785770000.0,14934.676
2022-05-17,165776410000.0,15474.691,164038850000.0,14904.718,149879780000.0,15170.59,148321760000.0,13370.21
2022-05-18,157873060000.0,15466.974,141321520000.0,16449.521,137792320000.0,16494.668,168986600000.0,18518.275
2022-05-19,144071440000.0,18778.096,138101370000.0,18936.055,174208090000.0,20405.467,142106820000.0,21719.732
2022-05-20,133157430000.0,25217.748,177333500000.0,24293.467,139355780000.0,25061.0,99596110000.0,24482.775
2022-05-21,168949190000.0,14107.876,130778730000.0,14382.121,92887810000.0,15396.535,109413040000.0,15825.042
2022-05-22,127258900000.0,17257.32,89504370000.0,18647.215,123524970000.0,19532.795,138766160000.0,19248.22
2022-05-23,90095010000.0,27052.555,131322820000.0,26679.648,141312590000.0,25963.383,151686870000.0,28431.26
2022-05-24,121843890000.0,21606.71,144709930000.0,21580.121,154657260000.0,20938.492,161382660000.0,24384.43
2022-05-25,149853520000.0,21339.424,144682500000.0,20795.494,156604630000.0,21316.994,184678880000.0,23518.31
2022-05-26,152423960000.0,20099.443,159252410000.0,19711.023,182483290000.0,20098.365,180708250000.0,20998.28
2022-05-27,150176200000.0,20279.275,180265750000.0,21542.877,183896470000.0,20917.266,178679740000.0,21420.7
2022-05-28,179582810000.0,23493.908,181437150000.0,24303.717,175168130000.0,26908.709,173813990000.0,27343.998
2022-05-29,180473330000.0,24160.344,170790130000.0,24708.336,156252050000.0,25305.133,153696600000.0,26321.055
2022-05-30,174626570000.0,15229.996,160125030000.0,14538.34,163711880000.0,14935.181,154406550000.0,15467.4795
2022-05-31,150657940000.0,14319.676,160833060000.0,14136.785,163508550000.0,13263.938,119885460000.0,12882.667
2022-06-01,156729210000.0,14791.757,154652440000.0,14624.173,136368685000.0,13785.261,133466160000.0,14560.495
2022-06-02,150715270000.0,17812.53,141349650000.0,17880.682,139853920000.0,17700.852,140764940000.0,19046.014
2022-06-03,126563940000.0,15208.106,142165500000.0,14075.177,133250875000.0,14351.664,154569340000.0,15950.044
2022-06-04,139763910000.0,15436.785,138104370000.0,14091.202,138492840000.0,15662.144,132087644000.0,17419.045
2022-06-05,111696760000.0,20867.244,132358190000.0,20885.81,137213310000.0,20504.07,127407030000.0,20672.748
2022-06-06,124122400000.0,17480.951,140919240000.0,18045.826,88594020000.0,15515.824,157701110000.0,19013.271
2022-06-07,136495070000.0,22119.96,93293580000.0,23478.908,137274100000.0,21831.41,171508530000.0,23344.256
2022-06-08,94836170000.0,24098.818,150898870000.0,25733.195,169091990000.0,23654.432,181881730000.0,23299.139
2022-06-09,153960350000.0,22943.312,171813370000.0,23109.182,182313000000.0,27063.916,168286490000.0,21646.943
2022-06-10,174838780000.0,15736.044,179778620000.0,16201.685,180529700000.0,15849.129,177824560000.0,15878.792
2022-06-11,174384450000.0,13950.973,171795780000.0,14504.608,184324520000.0,14832.937,185879230000.0,13535.07
2022-06-12,168605200000.0,18175.99,180713900000.0,19360.578,181590980000.0,18327.564,181091300000.0,17671.062
2022-06-13,182462550000.0,18665.877,185726470000.0,19176.453,177319350000.0,19032.498,185400750000.0,17625.9
2022-06-14,184281870000.0,17093.166,179524520000.0,17067.99,179894850000.0,17620.3,186900900000.0,17667.078
2022-06-15,,,,16701.393,,16300.278,,17668.12
2022-06-16,180284460000.0,14763.5625,187580940000.0,13096.438,184926370000.0,15321.042,161408290000.0,15608.909
2022-06-17,186572320000.0,13846.944,184682790000.0,14553.843,153630970000.0,14390.403,142939390000.0,16099.91
2022-06-18,182356660000.0,20581.203,161758600000.0,21671.475,159472580000.0,24768.637,159991170000.0,15020.117
2022-06-19,161697890000.0,29332.385,145421500000.0,30265.256,142072680000.0,30909.393,94930630000.0,30420.412
2022-06-20,146581390000.0,21525.834,126263640000.0,22768.969,100217440000.0,23519.842,130603975000.0,21847.521
2022-06-21,134297390000.0,17470.25,116573900000.0,17194.709,136654880000.0,19603.31,115164150000.0,21478.506
2022-06-22,108948480000.0,16029.152,136578180000.0,15761.339,113963500000.0,16161.583,110626440000.0,16233.0
2022-06-23,132495070000.0,13939.207,119167030000.0,13462.868,116743864000.0,16266.409,133983110000.0,15269.832
2022-06-24,117963460000.0,21888.125,116994700000.0,20230.541,117036020000.0,20641.568,109853670000.0,20330.564
2022-06-25,116728880000.0,17917.646,112562220000.0,18622.969,124674340000.0,17993.152,150620340000.0,17878.432
2022-06-26,101925740000.0,15513.38,130661230000.0,15746.921,161605390000.0,17240.531,155865970000.0,18428.12
2022-06-27,122470360000.0,17015.357,174966180000.0,16720.396,164063970000.0,15196.851,119071640000.0,13946.87
2022-06-28,168761520000.0,15732.095,160443240000.0,16001.464,107337350000.0,15989.446,176459680000.0,14660.816
2022-06-29,162779530000.0,15145.335,101460640000.0,15175.489,173867470000.0,15338.524,185316670000.0,15393.117
2022-06-30,88639930000.0,16855.623,170483090000.0,17162.273,182031190000.0,17380.533,169389920000.0,17658.969
2022-07-01,166344410000.0,15314.227,183309090000.0,15284.282,166642290000.0,15140.716,153281720000.0,14643.847
2022-07-02,184321150000.0,12558.406,171429660000.0,12098.017,166231900000.0,12855.835,179644730000.0,13083.421
2022-07-03,167717040000.0,16834.658,152138420000.0,16328.642,183453480000.0,14353.315,166882970000.0,15296.703
2022-07-04,147396890000.0,17074.447,181475210000.0,17695.436,171585700000.0,16092.269,167946220000.0,15767.168
2022-07-05,178825660000.0,19326.346,173731940000.0,19510.139,173872250000.0,19395.322,182903240000.0,18730.486
2022-07-06,171835670000.0,21557.287,168140820000.0,21510.865,183394070000.0,20841.775,181191110000.0,21831.654
2022-07-07,163621030000.0,23805.85,183446680000.0,24664.322,177537550000.0,25068.422,180990250000.0,24918.56
2022-07-08,181816750000.0,23073.414,175547580000.0,23199.97,182193160000.0,23845.63,180743110000.0,24796.264
2022-07-09,175460550000.0,20478.904,181765180000.0,21326.715,181165400000.0,21911.592,171600220000.0,21402.312
2022-07-10,180131860000.0,23875.29,181029730000.0,23777.326,163998600000.0,24456.578,175412450000.0,26431.877
2022-07-11,180063420000.0,20708.248,174878640000.0,20748.629,177490400000.0,22070.688,158455140000.0,22084.258
2022-07-12,169447230000.0,15518.901,165008600000.0,16418.006,172194330000.0,14771.464,179096520000.0,18284.25
2022-07-13,154830730000.0,13214.401,174658450000.0,13136.272,179150200000.0,13515.149,177576800000.0,16806.291
2022-07-14,172951900000.0,18908.193,178797580000.0,18923.414,176783950000.0,19625.96,174986890000.0,19142.533
2022-07-15,175816110000.0,21044.39,176262870000.0,20758.791,173494860000.0,21678.9,176196580000.0,22287.533
2022-07-16,173871200000.0,21132.287,171976230000.0,22273.875,176656150000.0,22219.945,164452240000.0,23291.344
2022-07-17,169664000000.0,20167.95,176783080000.0,21075.428,167184430000.0,20710.213,146905300000.0,21858.297
2022-07-18,174893370000.0,19219.014,164199990000.0,20102.057,131554080000.0,21243.406,166643430000.0,18072.023
2022-07-19,162666480000.0,23740.49,125770860000.0,24255.797,158442780000.0,26303.525,127800280000.0,27163.725
2022-07-20,123338880000.0,19491.111,162542850000.0,19504.678,121319650000.0,22721.498,143799290000.0,25493.498
2022-07-21,156787650000.0,14885.859,125125840000.0,15640.1875,145432020000.0,16434.22,172518670000.0,16793.236
2022-07-22,122660240000.0,17750.256,145450960000.0,17790.76,170931500000.0,17816.117,126691380000.0,16849.834
2022-07-23,141538620000.0,14919.841,170167960000.0,15755.055,123370340000.0,16274.669,150169910000.0,15428.874
2022-07-24,169266600000.0,13477.301,127454760000.0,12861.043,155268640000.0,13947.832,166969080000.0,13035.517
2022-07-25,132501450000.0,27031.955,155987120000.0,25646.451,157288760000.0,24697.041,113221960000.0,23182.057
2022-07-26,141213100000.0,20549.744,160362070000.0,20685.217,142662100000.0,21185.555,98412134000.0,22506.658
2022-07-27,158373180000.0,17480.475,126313330000.0,18634.8,131234300000.0,17566.553,155285650000.0,17294.656
2022-07-28,127419600000.0,14686.448,111501165000.0,14982.067,157826550000.0,14920.742,160363220000.0,17210.924
2022-07-29,106587670000.0,13976.785,158227900000.0,14628.715,148558640000.0,14247.179,159932020000.0,15822.425
2022-07-30,152385550000.0,16299.387,157373430000.0,16287.758,149320700000.0,17012.91,155038580000.0,16835.99
2022-07-31,155018800000.0,18457.133,146745310000.0,18021.348,157588650000.0,18723.781,161659100000.0,16611.098
2022-08-01,142925860000.0,16596.764,162159690000.0,16528.361,162715570000.0,16502.232,143025600000.0,15329.153
2022-08-02,156796780000.0,13616.099,162220340000.0,13287.157,135949520000.0,13573.397,145172270000.0,13617.934
2022-08-03,158667150000.0,12718.067,137210855000.0,12784.6455,134323600000.0,13617.915,152785030000.0,14048.069
2022-08-04,138383330000.0,17502.81,134447940000.0,18733.67,158414590000.0,18975.623,165570640000.0,19312.154
2022-08-05,121399720000.0,22274.625,157204500000.0,23356.28,162850110000.0,23238.756,164536290000.0,24972.146
2022-08-06,152785200000.0,26221.803,163096840000.0,25955.25,162995300000.0,26433.982,163098360000.0,26372.756
2022-08-07,162542100000.0,24999.678,162355120000.0,25802.812,161524150000.0,24712.494,160157730000.0,25889.705
2022-08-08,160114870000.0,23624.393,160121590000.0,24335.037,161396260000.0,24689.736,155619360000.0,23224.408
2022-08-09,158452880000.0,23580.992,159658700000.0,24094.1,154900370000.0,23708.408,157816620000.0,24234.275
2022-08-10,158973700000.0,21684.217,158466880000.0,22561.297,159414290000.0,22734.717,157051850000.0,21834.248
2022-08-11,156193650000.0,19935.229,158042780000.0,20863.115,154778660000.0,21234.436,97746256000.0,21214.979
2022-08-12,155535310000.0,18090.398,151840000000.0,19628.967,89190140000.0,19982.994,107802460000.0,19687.979
2022-08-13,152647700000.0,17550.955,88195760000.0,17534.7,109326600000.0,18234.85,107126230000.0,17433.6
2022-08-14,84495040000.0,18540.629,108587730000.0,18820.592,100476930000.0,18999.764,101784680000.0,19133.53
2022-08-15,104756950000.0,18812.38,103705660000.0,19443.97,103720680000.0,19981.111,101073550000.0,20294.42
2022-08-16,103628685000.0,13621.624,102345340000.0,14345.43,97337720000.0,15777.54,105935045000.0,15956.8125
2022-08-17,97037570000.0,13162.188,104704100000.0,12936.68,108036784000.0,14343.177,124916010000.0,15999.1455
2022-08-18,100919970000.0,17121.428,105369650000.0,16691.404,129067336000.0,15638.993,109834306000.0,15625.239
2022-08-19,99187245000.0,21357.674,135222740000.0,21426.193,106723840000.0,20624.07,111395010000.0,21224.047
2022-08-20,131118440000.0,14790.737,110218930000.0,15228.516,112463740000.0,14733.603,125153870000.0,17075.053
2022-08-21,97213874000.0,13791.478,111232320000.0,15024.812,125303590000.0,15012.277,133784500000.0,15856.62
2022-08-22,111698830000.0,16240.28,115661990000.0,16085.864,131939090000.0,18425.084,105639670000.0,19136.494
2022-08-23,112005730000.0,13163.345,130325004000.0,13417.716,107827134000.0,13326.621,104386590000.0,14183.523
2022-08-24,131052310000.0,12787.394,108824770000.0,12591.948,109760590000.0,13021.034,123262500000.0,13738.82
2022-08-25,105806020000.0,18418.994,109441450000.0,19353.605,126439830000.0,18154.846,125935220000.0,20083.088
2022-08-26,105308815000.0,19594.236,127871220000.0,20461.643,135102956000.0,20892.979,128362510000.0,20323.768
2022-08-27,124619650000.0,17827.777,130820850000.0,17644.254,124616030000.0,18278.55,94849790000.0,18635.729
2022-08-28,127344320000.0,18382.393,122460970000.0,18949.92,93632280000.0,18940.68,123262760000.0,19358.396
2022-08-29,123799440000.0,18410.354,107038930000.0,18676.26,119964795000.0,19608.094,104351830000.0,19701.912
2022-08-30,95501220000.0,15153.57,113133960000.0,16906.717,98715615000.0,16573.877,81372905000.0,18021.604
2022-08-31,104743560000.0,16495.271,112947270000.0,16987.486,89725570000.0,17645.965,92687040000.0,18502.027
2022-09-01,106468330000.0,14313.46,88192700000.0,14713.987,98269430000.0,13931.417,105747380000.0,15834.297
2022-09-02,87567210000.0,14580.833,97621890000.0,14346.267,117541140000.0,13761.805,105485990000.0,12503.073
2022-09-03,92690014000.0,15431.827,118187336000.0,15538.032,108665930000.0,14798.331,97843250000.0,14759.851
2022-09-04,115225200000.0,15862.94,110405520000.0,15698.176,97625540000.0,15116.739,80575270000.0,14437.309
2022-09-05,106041940000.0,17531.4,99319650000.0,17965.518,85901980000.0,19538.393,102097220000.0,17202.418
2022-09-06,96662030000.0,17311.193,80405430000.0,17890.584,100645730000.0,19746.541,93128160000.0,18054.52
2022-09-07,78129690000.0,18863.877,103526334000.0,18169.51,93467670000.0,19556.39,99965960000.0,21317.85
2022-09-08,96677450000.0,24891.734,92275515000.0,24150.213,96190660000.0,22790.055,111196275000.0,22005.225
2022-09-09,89751314000.0,28002.586,94902920000.0,28323.479,114846660000.0,26581.523,110801650000.0,27031.016
2022-09-10,96111120000.0,18026.99,114490590000.0,19170.287,111079555000.0,19511.26,71648805000.0,17152.258
2022-09-11,115091685000.0,13569.157,108103190000.0,13551.065,55007314000.0,13875.794,71927235000.0,13157.02
2022-09-12,108415290000.0,16926.04,71520550000.0,16238.53,61907108000.0,17424.062,91141640000.0,17905.055
2022-09-13,64632898000.0,19739.568,70369440000.0,19738.291,89447600000.0,18932.914,100156650000.0,18688.973
2022-09-14,65625125000.0,19451.826,80987590000.0,18726.58,89118340000.0,17932.139,103272870000.0,19788.086
2022-09-15,83895100000.0,17228.314,94516980000.0,18427.787,107047500000.0,16438.027,106486790000.0,16412.527
2022-09-16,94350150000.0,22258.266,109275680000.0,22854.139,110067120000.0,24136.623,108409620000.0,20679.799
2022-09-17,110818120000.0,22793.646,110664884000.0,23922.385,109153714000.0,23746.865,104222000000.0,26600.229
2022-09-18,110627640000.0,17175.9,110518740000.0,17974.363,108856870000.0,18198.908,108440450000.0,16581.46
2022-09-19,110830720000.0,18054.377,104092460000.0,18576.73,109195330000.0,18270.523,109082970000.0,18691.584
2022-09-20,103615670000.0,16970.916,108822650000.0,17826.139,107800230000.0,17694.258,78457730000.0,18871.877
2022-09-21,108428665000.0,16853.154,107378926000.0,17296.916,63884950000.0,18006.398,64888406000.0,17671.74
2022-09-22,106933370000.0,10268.01,54456107000.0,11030.987,52709884000.0,11567.978,73685010000.0,12929.86
2022-09-23,55956775000.0,11674.258,60039570000.0,11077.444,74836380000.0,11398.388,60390130000.0,10753.346
2022-09-24,59866853000.0,15553.56,74920346000.0,17116.459,54221144000.0,14082.118,73555510000.0,14650.133
2022-09-25,73230440000.0,15528.188,54728310000.0,16515.209,58157900000.0,16319.931,48286024000.0,12284.819
2022-09-26,57893286000.0,27271.125,66264797000.0,26344.541,44827656000.0,26992.672,54892003000.0,27091.752
2022-09-27,63587230000.0,31458.361,48987670000.0,31369.492,62732165000.0,31311.867,87456416000.0,28521.826
2022-09-28,47304210000.0,26906.967,59801180000.0,27985.537,83093455000.0,27784.19,49063790000.0,27164.857
2022-09-29,57752930000.0,14535.704,84005320000.0,15669.954,46758280000.0,13745.613,54297770000.0,14897.402
2022-09-30,76936350000.0,18128.67,42171662000.0,17017.137,52872446000.0,19021.309,81165750000.0,15912.507
2022-10-01,45197470000.0,30647.312,59644300000.0,30333.088,75602260000.0,29952.584,86637150000.0,31533.633
2022-10-02,59105427000.0,21079.697,78584740000.0,18820.64,86988470000.0,18010.508,88535600000.0,16051.593
2022-10-03,74931370000.0,13903.526,88712480000.0,14141.933,84212335000.0,11862.726,77588050000.0,12385.945
2022-10-04,85798420000.0,11929.293,83393280000.0,11322.446,78584810000.0,10394.645,81158540000.0,10495.316
2022-10-05,83783290000.0,23730.969,80193620000.0,22095.47,79395620000.0,21158.896,63580340000.0,21001.357
2022-10-06,76683444000.0,12624.782,78789150000.0,12864.593,72324710000.0,12633.944,76119800000.0,12106.265
2022-10-07,73294690000.0,11285.452,67941450000.0,11534.758,78162395000.0,11307.015,66275443000.0,11863.915
2022-10-08,59626332000.0,13926.512,77474780000.0,14503.345,63775850000.0,13894.168,64521716000.0,15309.313
2022-10-09,78376710000.0,15832.198,52252385000.0,15893.257,64894878000.0,15477.8,72464830000.0,16317.231
2022-10-10,55372464000.0,15218.169,58773676000.0,15994.513,65019322000.0,14422.47,53135490000.0,12237.183
2022-10-11,56525005000.0,14161.45,57986540000.0,14995.961,43881170000.0,14568.147,26321846000.0,15241.5205
2022-10-12,59170955000.0,9704.042,37948817000.0,9512.155,30075298000.0,9389.734,48252420000.0,9810.837
2022-10-13,34348984000.0,17231.297,27450448000.0,17178.025,55069230000.0,15182.75,57748816000.0,14861.138
2022-10-14,26453033000.0,24515.314,52897160000.0,24816.139,58730324000.0,22239.695,43681104000.0,20369.479
2022-10-15,49463630000.0,24027.398,56007600000.0,23196.178,37382080000.0,23728.037,64867205000.0,17823.455
2022-10-16,56194950000.0,23289.97,44201010000.0,23028.414,65115160000.0,23022.781,62263150000.0,23360.705
2022-10-17,42881053000.0,21392.877,63582278000.0,22487.725,60168913000.0,21103.564,43131208000.0,18798.729
2022-10-18,61936443000.0,17889.982,62662220000.0,18268.31,38936280000.0,17742.88,30369563000.0,18543.084
2022-10-19,63065715000.0,23675.445,40497762000.0,23906.125,41731916000.0,23936.81,48284746000.0,22986.729
2022-10-20,40154235000.0,26195.43,45542777000.0,25771.5,53608310000.0,26211.611,47326265000.0,21825.3
2022-10-21,43087766000.0,28167.654,52372790000.0,27923.682,46621490000.0,29366.312,45365100000.0,29551.13
2022-10-22,60437086000.0,20617.447,42381877000.0,20259.242,47976980000.0,19851.959,56300863000.0,19658.422
2022-10-23,42576480000.0,35295.08,51916260000.0,35511.875,46098055000.0,33813.574,52583236000.0,32033.393
2022-10-24,50714427000.0,28813.992,49426334000.0,28823.992,52168820000.0,29155.592,50833950000.0,29263.572
2022-10-25,48835084000.0,21489.71,53459485000.0,20310.654,49435263000.0,20577.252,51721830000.0,20019.287
2022-10-26,54977716000.0,21200.873,50426880000.0,20680.943,52374225000.0,18812.543,51745540000.0,19813.785
2022-10-27,48643700000.0,24382.914,49962170000.0,24356.21,54262310000.0,24416.92,48113336000.0,22056.967
2022-10-28,48595540000.0,21767.771,52154515000.0,21890.486,45426844000.0,22077.32,44124650000.0,24267.756
2022-10-29,48985580000.0,24031.617,43839020000.0,23243.422,43811830000.0,23945.15,41483043000.0,24198.867
2022-10-30,42890686000.0,16813.045,45067588000.0,16275.273,44474630000.0,17030.365,51401800000.0,17127.484
2022-10-31,41929093000.0,26652.76,50996980000.0,24711.197,53310185000.0,18930.068,23368745000.0,23826.469
2022-11-01,48651420000.0,28755.584,52329290000.0,31521.014,20138074000.0,35987.27,37129960000.0,31469.938
2022-11-02,51840410000.0,20940.318,19796780000.0,20225.227,39238484000.0,23127.053,44081218000.0,21282.018
2022-11-03,19091677000.0,31758.664,33314714000.0,30449.947,40675095000.0,30344.26,31121170000.0,35138.418
2022-11-04,34312196000.0,32453.885,44233250000.0,32626.604,33083826000.0,25227.172,44820200000.0,28184.932
2022-11-05,42386330000.0,19550.207,32922260000.0,19814.455,45441490000.0,20662.836,33694073000.0,19734.832
2022-11-06,32868633000.0,25808.258,45592494000.0,26468.85,31857697000.0,26605.914,23441916000.0,25981.75
2022-11-07,44219270000.0,28425.404,35343500000.0,28951.639,22533923000.0,27773.97,40292180000.0,29459.088
2022-11-08,35667180000.0,34100.24,23339352000.0,34378.453,42462913000.0,34537.496,46855430000.0,33733.8
2022-11-09,23653134000.0,22089.531,42493927000.0,22248.469,47058383000.0,24753.883,43699160000.0,24034.875
2022-11-10,43315790000.0,15741.071,45879288000.0,15400.046,47856360000.0,14884.036,45985006000.0,17618.871
2022-11-11,45762777000.0,17724.766,48280770000.0,17937.197,48049873000.0,16640.936,23776100000.0,15905.954
2022-11-12,45666083000.0,16112.071,46391517000.0,16659.326,23767384000.0,14996.016,22724788000.0,13650.204
2022-11-13,45837365000.0,14165.6455,24590815000.0,14045.655,17243587000.0,13441.191,34161672000.0,15034.974
2022-11-14,25874780000.0,22960.182,16477950000.0,23570.896,33965711000.0,22615.982,31605285000.0,18335.742
2022-11-15,17123445000.0,29276.312,30101477000.0,29423.744,25888227000.0,28445.25,33183875000.0,30063.494
2022-11-16,29767254000.0,32960.13,26760212000.0,32738.146,32517116000.0,30331.584,34426913000.0,25107.049
2022-11-17,,,,36501.35,,33154.71,,30089.588
2022-11-18,,,,31659.701,,22891.318,,20890.594
2022-11-19,,,,,,14011.546,,15680.453
2022-11-20,,,,,,,,23228.648
2022-11-21,13292878000.0,31412.248,28017510000.0,,22454460000.0,,31341445000.0,
2022-11-22,28619758000.0,36116.246,19932015000.0,36622.56,28299756000.0,,25804472000.0,
2022-11-23,24574149000.0,33193.637,28465480000.0,34117.957,31158526000.0,34424.496,30024622000.0,
2022-11-24,26709496000.0,27022.74,29340873000.0,27190.064,27210858000.0,28392.732,28781060000.0,28596.002
2022-11-25,24163148000.0,20011.127,26137657000.0,20695.03,26011476000.0,21062.947,17027940000.0,21926.604
2022-11-26,28593074000.0,18625.193,24170107000.0,19109.104,17843634000.0,18477.904,22930244000.0,17728.295
2022-11-27,22704243000.0,22373.914,16459727000.0,23879.938,22572250000.0,21540.549,27374137000.0,21449.967
2022-11-28,17189456000.0,22263.166,23366797000.0,22490.844,27974615000.0,22218.826,27268805000.0,26339.736
2022-11-29,21343259000.0,13019.142,24607472000.0,12725.625,26564575000.0,12975.776,27497300000.0,14963.009
2022-11-30,26798772000.0,16567.521,26532140000.0,16814.055,26275210000.0,15535.421,17591271000.0,16210.078
2022-12-01,26967316000.0,20937.012,23870020000.0,20474.162,16462053000.0,19125.912,17980264000.0,18728.979
2022-12-02,24669012000.0,17460.494,17211093000.0,17944.1,18597126000.0,17643.13,30158655000.0,17620.629
2022-12-03,18069690000.0,21823.137,18202225000.0,21930.541,27507233000.0,22030.697,22614650000.0,18147.285
2022-12-04,16664676000.0,16147.702,30091385000.0,15159.163,26773316000.0,14755.194,22887547000.0,16260.874
2022-12-05,30824962000.0,13005.89,25499564000.0,13297.177,25825784000.0,13360.328,22478627000.0,13566.859
2022-12-06,25345135000.0,14187.991,27182244000.0,13836.046,19309826000.0,13709.339,20408205000.0,18286.182
2022-12-07,28415807000.0,14120.825,22498111000.0,14474.647,22695707000.0,13895.476,28021211000.0,15636.18
2022-12-08,22699033000.0,15199.571,20363678000.0,15556.304,27183903000.0,15969.952,27568030000.0,15510.37
2022-12-09,19461660000.0,15993.716,24532169000.0,15774.94,31731920000.0,13882.364,22035726000.0,17821.744
2022-12-10,27649933000.0,16887.254,30614946000.0,17079.24,21927977000.0,17568.953,12164383000.0,15812.433
2022-12-11,29215990000.0,15988.009,27927855000.0,16696.256,23756268000.0,18231.299,9537110000.0,17598.9
2022-12-12,24868071000.0,18404.371,19596143000.0,15767.312,14597313000.0,18242.254,13301768000.0,17952.035
2022-12-13,18863661000.0,21544.088,13085319000.0,21629.62,9805951000.0,21745.156,25067434000.0,28731.506
2022-12-14,13145412000.0,18204.258,15078244000.0,18675.418,26220012000.0,18478.293,34554040000.0,21858.553
2022-12-15,13287399000.0,23862.568,28339757000.0,23035.469,32558842000.0,25478.297,22737453000.0,22974.13
2022-12-16,26591736000.0,18492.266,33189945000.0,19345.98,20069888000.0,18878.598,29382074000.0,19746.613
2022-12-17,33461760000.0,15490.207,23489090000.0,16068.272,27917550000.0,16072.184,19754107000.0,15624.051
2022-12-18,24663876000.0,27225.688,24165978000.0,26155.475,15691633000.0,28623.281,16936042000.0,28911.39
2022-12-19,23487885000.0,36841.87,13186032000.0,36401.535,19114488000.0,35599.918,14391181000.0,35185.152
2022-12-20,13396374000.0,32716.283,16895361000.0,33265.867,15770673000.0,33508.16,14284534000.0,32459.75
2022-12-21,14449068000.0,27899.053,15051295000.0,28200.305,12937105000.0,28259.133,21026644000.0,27372.936
2022-12-22,13159299000.0,36304.793,13624220000.0,36196.254,19368227000.0,32075.256,28563866000.0,29057.705
2022-12-23,12934267000.0,34454.316,18804658000.0,34662.77,24660750000.0,36788.945,18094810000.0,37775.754
2022-12-24,20119613000.0,20866.121,24292610000.0,20160.293,19484152000.0,21824.555,26051285000.0,26082.752
2022-12-25,25210538000.0,24768.633,18918820000.0,23712.139,26628166000.0,22083.336,19344237000.0,24077.695
2022-12-26,19045876000.0,24000.979,22563340000.0,24825.502,20042400000.0,27615.639,17054343000.0,22692.975
2022-12-27,25523917000.0,18758.008,23031562000.0,16985.549,17837363000.0,18265.367,11134935000.0,20476.42
2022-12-28,23129870000.0,34395.754,17270820000.0,34694.227,9247887000.0,33133.496,28622295000.0,32111.736
2022-12-29,17526321000.0,31991.672,9314292000.0,31731.686,27774378000.0,30818.158,20114890000.0,29792.479
2022-12-30,9838086000.0,37937.754,26634078000.0,38039.88,25741226000.0,37184.89,16214401000.0,37294.99
2022-12-31,26981226000.0,41824.918,23298746000.0,41518.24,17022788000.0,41132.293,21899108000.0,39903.387
2023-01-01,22672552000.0,37113.477,17673191000.0,37257.65,26539860000.0,38176.402,19436400000.0,35886.535
2023-01-02,17322895000.0,25298.752,24288897000.0,26273.79,19045920000.0,22965.242,19283116000.0,21822.502
2023-01-03,23161221000.0,20351.492,17281556000.0,20435.176,21247115000.0,21864.766,23024169000.0,16348.57
2023-01-04,16733161000.0,31543.453,18907077000.0,31561.998,22880560000.0,30681.256,25516229000.0,30337.459
2023-01-05,,,,21627.785,,21355.98,,23071.588
2023-01-06,,,,20440.457,,21313.035,,21268.389
2023-01-07,,,,,,25663.24,,33786.664
2023-01-08,,,,,,,,35642.234
2023-01-09,,,,,,,,
2023-01-10,,,,,,,,
2023-01-11,,,,,,,,
2023-01-12,,,,,,,,
2023-01-13,,,,,,,,
2023-01-14,,,,,,,,
2023-01-15,26166831000.0,39636.477,18249812000.0,,15891735000.0,,27434185000.0,
2023-01-16,17865617000.0,44527.527,18015973000.0,44001.2,32283000000.0,,21840945000.0,
2023-01-17,18934514000.0,26684.928,32643777000.0,24611.244,28952822000.0,28106.354,34313314000.0,
2023-01-18,33346101000.0,23434.436,24442135000.0,24081.447,33376666000.0,24020.477,34805620000.0,24713.182
2023-01-19,22386532000.0,19426.057,33124524000.0,19443.938,32460513000.0,19407.121,40110096000.0,19850.748
2023-01-20,35648730000.0,19138.8,35241840000.0,18702.635,33073463000.0,20291.059,30259986000.0,15833.124
2023-01-21,38307950000.0,28015.889,33295750000.0,26535.844,32897049000.0,23521.705,35708150000.0,27110.111
2023-01-22,33243820000.0,25584.146,32569840000.0,26500.979,32962478000.0,27706.748,29374497000.0,26249.836
2023-01-23,32930275000.0,27046.568,34003616000.0,26316.467,29472170000.0,25065.562,31616647000.0,27401.094
2023-01-24,35836300000.0,21911.273,29443740000.0,21296.445,33430790000.0,22834.938,36060790000.0,23879.408
2023-01-25,32053766000.0,16273.983,31473158000.0,15668.634,34063520000.0,16367.761,39069966000.0,16839.857
2023-01-26,29615321000.0,21854.908,31992025000.0,23664.883,36419797000.0,24798.322,42831544000.0,25143.166
2023-01-27,32641032000.0,29044.346,37774828000.0,29443.025,44093415000.0,30141.217,29588430000.0,29642.984
2023-01-28,38545390000.0,25290.002,42401604000.0,24930.656,31641723000.0,24503.92,31989678000.0,23425.412
2023-01-29,44721226000.0,14071.457,33164280000.0,14413.406,33403700000.0,14054.786,36597170000.0,13285.31
2023-01-30,33162654000.0,19903.96,32459166000.0,19690.295,37124178000.0,19775.18,34451423000.0,22845.318
2023-01-31,35029920000.0,18018.234,37835790000.0,17585.074,35801235000.0,17064.133,36817830000.0,18782.768
2023-02-01,41830343000.0,21449.729,37948867000.0,20840.041,40107820000.0,21863.877,33245503000.0,21713.867
2023-02-02,47316718000.0,20028.955,46358565000.0,21075.508,38111937000.0,22090.217,42664436000.0,24809.717
2023-02-03,47646347000.0,18204.482,38966520000.0,17428.367,42153920000.0,19428.25,49450893000.0,17978.22
2023-02-04,41767936000.0,17895.42,43167334000.0,17463.512,53421187000.0,17388.916,59240450000.0,18998.312
2023-02-05,45630456000.0,24047.62,52454230000.0,23875.291,55039427000.0,24123.016,63648547000.0,21098.127
2023-02-06,53643444000.0,24725.416,56997250000.0,24059.162,63391793000.0,23990.602,57995330000.0,23109.693
2023-02-07,56250850000.0,24771.492,63811650000.0,23434.912,58792190000.0,24816.912,53048410000.0,24644.975
2023-02-08,63787550000.0,14118.742,57810346000.0,14035.743,54714114000.0,13460.153,52451820000.0,15391.524
2023-02-09,62043726000.0,10111.732,58158090000.0,9982.503,53315510000.0,10213.447,58028670000.0,11920.477
2023-02-10,62665507000.0,10473.492,59972354000.0,10965.69,62853990000.0,11047.915,64342032000.0,12722.456
2023-02-11,61792834000.0,11571.833,60460330000.0,12349.796,62950130000.0,12270.336,68114270000.0,12294.101
2023-02-12,65618690000.0,14793.497,63994710000.0,14773.0205,67100770000.0,14911.349,60767910000.0,16472.064
2023-02-13,66956034000.0,13305.648,67583000000.0,13856.84,59054293000.0,14078.794,53267220000.0,15037.11
2023-02-14,69315330000.0,14540.989,60460515000.0,14730.175,51022103000.0,14449.45,44115837000.0,13135.038
2023-02-15,62697020000.0,14867.856,51511304000.0,15507.433,42139206000.0,14389.774,46923547000.0,13935.203
2023-02-16,50978628000.0,17762.588,40347460000.0,16770.406,52760887000.0,16128.269,47746220000.0,15446.898
2023-02-17,40046445000.0,20636.549,51513123000.0,20585.643,53077270000.0,19481.623,66443543000.0,17518.094
2023-02-18,53578660000.0,20459.258,54031254000.0,19793.92,63943280000.0,19240.861,58363232000.0,15356.218
2023-02-19,58906067000.0,16377.196,67456220000.0,16771.72,55947756000.0,18820.139,29374579000.0,18871.518
2023-02-20,71511210000.0,12571.202,56250876000.0,12703.257,29507666000.0,13143.328,29490184000.0,13682.7705
2023-02-21,,12332.583,,12909.239,,13325.4795,,16292.597
2023-02-22,30884145000.0,16243.159,37009236000.0,14322.747,51372400000.0,15622.431,67082084000.0,16237.224
2023-02-23,37621870000.0,17883.834,47351878000.0,17149.277,57912476000.0,12533.787,80364585000.0,20839.742
2023-02-24,47702065000.0,21098.717,63259740000.0,18893.361,80182575000.0,19809.836,70099190000.0,26799.754
2023-02-25,63361716000.0,24733.049,77841070000.0,25110.344,73005860000.0,24915.584,71325650000.0,23791.193
2023-02-26,78587950000.0,41610.945,73788130000.0,42233.41,70033000000.0,39600.098,80673686000.0,40429.332
2023-02-27,75369630000.0,36105.926,74084480000.0,36271.41,81352690000.0,36681.75,71848640000.0,37321.668
2023-02-28,74395290000.0,25883.656,84578630000.0,26557.572,74708480000.0,25777.646,73249686000.0,25733.393
2023-03-01,82747376000.0,22444.502,72334690000.0,22105.6,70646960000.0,21725.014,71704050000.0,21609.354
2023-03-02,72169930000.0,15574.309,77916650000.0,15277.2295,79079770000.0,16517.33,79658320000.0,15149.276
2023-03-03,87020980000.0,16968.904,79616200000.0,16953.998,78253030000.0,17582.717,72526530000.0,20819.703
2023-03-04,86131655000.0,17672.268,80319280000.0,17771.537,73891990000.0,16975.893,68228350000.0,18062.799
2023-03-05,81170980000.0,12258.8,71344430000.0,12331.931,47428452000.0,13171.183,31144624000.0,11227.418
2023-03-06,78148990000.0,15492.06,47458083000.0,15468.136,28846940000.0,14182.317,49626580000.0,17094.78
2023-03-07,48569856000.0,22055.947,30752035000.0,21578.352,49585520000.0,20722.49,28691743000.0,22422.275
2023-03-08,30747525000.0,37324.816,45947730000.0,35957.344,38130090000.0,32570.006,44587040000.0,32039.88
2023-03-09,49625534000.0,36400.02,38448312000.0,34957.863,43869210000.0,33502.28,67914924000.0,30800.336
2023-03-10,47931040000.0,45545.28,44538830000.0,44745.91,61913874000.0,46042.7,64175210000.0,46996.156
2023-03-11,39920680000.0,25868.69,66567440000.0,24890.494,71673970000.0,24242.646,71647740000.0,25037.482
2023-03-12,60310725000.0,25978.236,69694680000.0,25436.688,66242610000.0,24348.334,77396115000.0,25033.078
2023-03-13,68746870000.0,39021.645,70602100000.0,40671.414,82558220000.0,40032.582,97148535000.0,38025.707
2023-03-14,,46476.562,,40486.836,,39418.883,,40472.31
2023-03-15,85054250000.0,16304.277,93120310000.0,23661.9,78049120000.0,18504.105,68272520000.0,21395.19
2023-03-16,90029720000.0,25098.205,68152066000.0,24303.287,62272700000.0,19863.334,67725787000.0,23281.93
2023-03-17,66210810000.0,29007.826,62116295000.0,28348.219,68584604000.0,28864.77,91039970000.0,26024.03
2023-03-18,68105330000.0,23813.555,67638740000.0,24299.242,74496170000.0,24362.63,68717020000.0,21902.748
2023-03-19,68355530000.0,19090.576,81181450000.0,18182.85,72353350000.0,18992.076,75690230000.0,14074.267
2023-03-20,85324760000.0,13341.466,66354135000.0,13631.618,67150120000.0,14841.659,61682467000.0,12107.792
2023-03-21,66660190000.0,18143.037,67373187000.0,17943.564,59547450000.0,17609.346,60385165000.0,15651.059
2023-03-22,64807910000.0,26950.648,51564626000.0,26886.744,56884740000.0,26186.898,84545370000.0,26067.268
2023-03-23,52873700000.0,31022.19,63897590000.0,31004.271,76253920000.0,30351.984,60368847000.0,31393.451
2023-03-24,64680630000.0,36072.504,78996700000.0,35656.098,66006516000.0,36293.797,109841320000.0,33014.406
2023-03-25,82817110000.0,32370.107,65901216000.0,32895.973,108991820000.0,32246.17,100326460000.0,32763.156
2023-03-26,67860603000.0,36332.375,103422680000.0,36568.465,96900140000.0,38983.496,85887270000.0,37019.3
2023-03-27,104632320000.0,21147.791,95624150000.0,22840.447,82112590000.0,25164.37,77201050000.0,26319.584
2023-03-28,93488450000.0,20330.658,80770154000.0,20576.945,76005100000.0,20960.95,70011320000.0,20808.088
2023-03-29,83349420000.0,24371.14,88302290000.0,24792.08,72248754000.0,25923.271,77597655000.0,26677.729
2023-03-30,93403270000.0,32119.719,69641450000.0,31824.604,70117330000.0,31748.258,62934385000.0,31880.795
2023-03-31,68727960000.0,49581.72,74136160000.0,48351.074,68774950000.0,49711.953,130867430000.0,42616.254
2023-04-01,68276437000.0,36740.605,65502560000.0,38085.332,111004580000.0,39568.23,128304380000.0,36351.176
2023-04-02,67632380000.0,28219.803,117475130000.0,28259.422,134277825000.0,29566.893,136893300000.0,28711.549
2023-04-03,115824760000.0,26060.451,135621040000.0,26305.057,136315896000.0,25534.803,88724540000.0,23654.424
2023-04-04,136190320000.0,23008.064,133141910000.0,23819.43,85086130000.0,22254.818,119577575000.0,18366.836
2023-04-05,131554480000.0,12754.89,82045930000.0,12927.239,112130950000.0,13560.28,130233926000.0,14056.117
2023-04-06,87517135000.0,17206.611,119704450000.0,17407.045,136069550000.0,14264.34,120089310000.0,15015.805
2023-04-07,115053640000.0,15157.474,130933980000.0,13897.583,117551740000.0,13505.833,62764188000.0,14543.6875
2023-04-08,135316810000.0,17301.914,127149466000.0,17578.615,73843310000.0,16330.086,71510065000.0,15201.612
2023-04-09,125920570000.0,13909.11,78602150000.0,13398.984,87668620000.0,14931.605,73449410000.0,16935.88
2023-04-10,84887490000.0,22846.084,84189890000.0,22407.383,72959620000.0,21166.521,100005940000.0,24427.148
2023-04-11,84790305000.0,24959.135,70381580000.0,23027.627,98988966000.0,23612.924,62584340000.0,27333.025
2023-04-12,73193600000.0,36469.992,98828420000.0,33687.52,67383180000.0,33051.957,93945760000.0,31265.36
2023-04-13,101234475000.0,28579.219,67835494000.0,27557.72,99960360000.0,26115.406,112215160000.0,29555.639
2023-04-14,62645838000.0,28072.428,98038096000.0,27592.338,109400785000.0,27836.596,126067230000.0,30363.432
2023-04-15,100787240000.0,31848.904,109645280000.0,30333.717,117872850000.0,31783.148,121934020000.0,25180.576
2023-04-16,113522160000.0,20487.18,117939090000.0,20201.193,122148225000.0,18377.062,133726700000.0,21737.557
2023-04-17,121890560000.0,22351.967,131458050000.0,22877.834,143662420000.0,23033.482,138824090000.0,21538.268
2023-04-18,132216635000.0,22060.883,144185080000.0,22640.26,136132660000.0,24258.201,128898370000.0,24019.93
2023-04-19,143433780000.0,21354.361,129712110000.0,21165.035,137290380000.0,21114.725,74937205000.0,20638.053
2023-04-20,131066080000.0,21953.877,130038194000.0,22571.096,72880420000.0,22511.518,76522650000.0,22891.838
2023-04-21,120063670000.0,18257.752,78503130000.0,17351.9,80534700000.0,18758.947,106514020000.0,18204.307
2023-04-22,75518890000.0,22233.406,79457740000.0,24455.502,104252130000.0,25117.182,115418006000.0,26258.295
2023-04-23,78068695000.0,28705.615,112259810000.0,27395.057,99464380000.0,27210.889,89720060000.0,26559.74
2023-04-24,108936200000.0,24491.885,97433960000.0,26027.248,105105375000.0,26728.256,99863720000.0,22186.236
2023-04-25,92766945000.0,16866.027,110363030000.0,16256.765,86379560000.0,16861.22,87323770000.0,19237.834
2023-04-26,101622770000.0,13577.8955,85068750000.0,14001.785,102327290000.0,14711.94,74183210000.0,13722.461
2023-04-27,97334610000.0,13352.708,89499300000.0,13470.734,97285720000.0,14940.366,79007480000.0,13739.71
2023-04-28,96650040000.0,18000.46,112414730000.0,17067.287,87554440000.0,15983.121,106909070000.0,17114.271
2023-04-29,93347840000.0,16596.014,98478460000.0,16453.387,111643330000.0,15010.477,149636320000.0,15456.931
2023-04-30,103234950000.0,17247.486,117618450000.0,17535.354,148579520000.0,17093.967,157383980000.0,17503.453
2023-05-01,120683586000.0,20077.184,146375900000.0,21036.865,163114220000.0,21636.469,147382930000.0,19080.098
2023-05-02,149683500000.0,20079.61,163597810000.0,22500.97,143557820000.0,20644.498,114895360000.0,21283.283
2023-05-03,161915190000.0,24438.76,137333950000.0,24761.377,113714100000.0,25592.92,108019515000.0,25541.018
2023-05-04,137925400000.0,23315.537,113246440000.0,23348.44,108482890000.0,22248.924,108092820000.0,20935.295
2023-05-05,109689815000.0,16106.54,118772380000.0,17212.17,97015530000.0,16967.389,103146780000.0,16653.234
2023-05-06,117770520000.0,13438.851,85277770000.0,13944.945,103872330000.0,14936.245,47552330000.0,14606.242
2023-05-07,89503695000.0,14811.985,113197450000.0,15249.784,58771620000.0,16396.805,127124455000.0,20082.484
2023-05-08,104772340000.0,15829.226,55463740000.0,15860.477,130668590000.0,16162.702,114154865000.0,16357.919
2023-05-09,50905485000.0,22202.494,115757530000.0,23321.127,122264010000.0,20967.764,110494876000.0,18424.574
2023-05-10,112194896000.0,27225.967,117854650000.0,27404.088,100225220000.0,26221.35,101790580000.0,27930.562
2023-05-11,117029990000.0,17564.05,106338296000.0,18224.467,107605560000.0,18311.912,121048140000.0,18230.283
2023-05-12,100899560000.0,18805.537,115201630000.0,17864.586,140215350000.0,19408.951,96805290000.0,18922.568
2023-05-13,114242030000.0,20602.729,134740460000.0,20002.045,119386190000.0,18513.518,108292010000.0,20515.654
2023-05-14,133227210000.0,20151.303,118049870000.0,20461.133,126265980000.0,17484.916,126304750000.0,19804.275
2023-05-15,120947620000.0,23140.486,147462570000.0,24055.13,155425280000.0,25345.82,145008360000.0,23362.553
2023-05-16,140451710000.0,30728.42,157914560000.0,30771.158,139824270000.0,31691.072,133354550000.0,34574.117
2023-05-17,158099230000.0,27692.447,128560840000.0,29295.844,133119934000.0,29383.648,130925690000.0,33139.113
2023-05-18,129053880000.0,22558.92,134461040000.0,22347.916,119394040000.0,24449.43,99981690000.0,24620.967
2023-05-19,142111310000.0,23153.758,110246640000.0,23026.438,100459660000.0,24007.166,111002320000.0,23625.393
2023-05-20,117076490000.0,23094.273,114043810000.0,22895.1,125591814000.0,22497.088,131420390000.0,24094.748
2023-05-21,113101410000.0,18546.877,125660280000.0,18750.096,123597010000.0,18949.701,153037180000.0,19206.146
2023-05-22,124687974000.0,17333.928,126541630000.0,16496.006,154526580000.0,16960.58,156796390000.0,14661.329
2023-05-23,133583815000.0,24551.365,155627830000.0,24248.979,149144400000.0,21890.24,174264390000.0,22625.32
2023-05-24,149557900000.0,25266.537,152541700000.0,25802.104,173808350000.0,23513.47,172997800000.0,21221.63
2023-05-25,150690190000.0,25684.498,175030980000.0,26013.412,176244100000.0,26548.25,165000840000.0,27815.057
2023-05-26,175219540000.0,21142.818,174697550000.0,22253.33,166514820000.0,21116.041,169863450000.0,24115.04
2023-05-27,171416470000.0,18661.17,166401330000.0,19016.16,166941430000.0,19180.434,170583430000.0,18075.303
2023-05-28,163231580000.0,19648.057,166409000000.0,20286.72,171548740000.0,20720.412,167186460000.0,18549.994
2023-05-29,168740800000.0,24992.936,170832380000.0,25943.209,159969080000.0,26496.53,169101890000.0,25825.766
2023-05-30,166493420000.0,25119.506,162283290000.0,26011.922,166674530000.0,26374.367,170429250000.0,25493.482
2023-05-31,161686060000.0,23342.11,166410160000.0,23640.57,169158310000.0,23717.602,163051470000.0,23728.771
2023-06-01,163299500000.0,20549.96,166623080000.0,21208.799,164298060000.0,21615.412,161179930000.0,21365.943
2023-06-02,161818380000.0,21334.361,161285960000.0,22325.744,155638460000.0,21991.084,157595500000.0,21256.65
2023-06-03,160548600000.0,18957.805,153108600000.0,19719.627,164645040000.0,19911.516,170450030000.0,20002.883
2023-06-04,154766840000.0,18129.79,167996200000.0,18989.76,165022660000.0,19246.557,167239610000.0,21008.152
2023-06-05,165642340000.0,18153.213,157497850000.0,18514.047,161016900000.0,19416.3,165070440000.0,19570.324
2023-06-06,159994400000.0,17291.576,161930720000.0,17754.521,152500670000.0,17774.28,119850470000.0,19206.826
2023-06-07,157209610000.0,19176.629,148970550000.0,19854.523,110853190000.0,20004.766,122081120000.0,19123.396
2023-06-08,151723850000.0,19772.82,107069460000.0,18956.275,130533196000.0,19971.074,141326020000.0,21835.477
2023-06-09,110272060000.0,18229.105,122331360000.0,19089.658,134412860000.0,18893.803,141725400000.0,19823.395
2023-06-10,130088550000.0,13458.526,132384050000.0,15489.466,134994560000.0,14458.258,123815300000.0,15228.216
2023-06-11,129545780000.0,14795.164,142230810000.0,14641.1045,132584130000.0,14844.673,166307820000.0,14871.093
2023-06-12,138014850000.0,13141.617,138298560000.0,13956.3545,169855880000.0,12813.79,171380110000.0,11967.267
2023-06-13,135210860000.0,16072.372,167291650000.0,16996.021,166243600000.0,16626.113,166501680000.0,14467.388
2023-06-14,164209660000.0,17714.941,170240340000.0,18586.803,165431600000.0,19139.994,149275410000.0,19708.557
2023-06-15,170301460000.0,16996.701,157060660000.0,17985.627,156908950000.0,18009.008,109919800000.0,18371.967
2023-06-16,157816230000.0,12618.555,153848550000.0,13160.603,109952830000.0,14211.11,111373615000.0,14471.79
2023-06-17,142353470000.0,11476.367,105104230000.0,10883.878,124639820000.0,11634.418,104479556000.0,12643.458
2023-06-18,102615590000.0,16744.69,111571526000.0,17591.83,117133410000.0,16031.969,109436600000.0,15085.288
2023-06-19,115534230000.0,16338.285,116239745000.0,16311.457,114797560000.0,16109.921,100672470000.0,13579.966
2023-06-20,108257670000.0,18064.936,119125970000.0,19292.771,97878930000.0,16641.678,174097100000.0,15320.1875
2023-06-21,110818290000.0,12769.399,93860680000.0,12294.155,172759960000.0,11910.008,184192930000.0,13507.823
2023-06-22,84891650000.0,20280.37,172418060000.0,20692.018,184472540000.0,19637.916,184328130000.0,18265.568
2023-06-23,169220080000.0,15735.34,183781400000.0,15712.487,182549640000.0,15422.63,168291500000.0,15831.946
2023-06-24,183352000000.0,16077.073,182430000000.0,17103.854,172262650000.0,15858.726,153161170000.0,14140.931
2023-06-25,180943320000.0,17840.455,170490560000.0,17650.107,158110610000.0,18864.502,150572370000.0,14195.53
2023-06-26,161905250000.0,22422.639,158027020000.0,22923.69,163084700000.0,22607.81,126248810000.0,21548.781
2023-06-27,159468420000.0,17181.486,162678570000.0,17975.303,132664230000.0,17430.986,115661700000.0,17341.732
2023-06-28,160318850000.0,14365.243,124445850000.0,15328.718,110048380000.0,16064.763,103083310000.0,18005.225
2023-06-29,128171340000.0,17409.854,113402150000.0,18167.32,93527870000.0,17078.451,157139930000.0,18709.121
2023-06-30,106710650000.0,24100.734,90682700000.0,23700.297,150566040000.0,25429.008,132248930000.0,21306.834
2023-07-01,92047410000.0,28683.39,156759790000.0,27707.768,158695230000.0,28272.875,126522230000.0,27968.912
2023-07-02,146362860000.0,23650.0,149707360000.0,23804.992,140242580000.0,23268.783,149943030000.0,25304.807
2023-07-03,140871710000.0,21372.299,128698240000.0,21035.69,124320220000.0,20401.574,176542910000.0,24106.154
2023-07-04,126679760000.0,19839.56,140352130000.0,20711.705,174821590000.0,18009.92,176257430000.0,20553.115
2023-07-05,142191660000.0,22855.61,171851550000.0,21478.889,167655340000.0,17731.611,158537970000.0,20317.139
2023-07-06,165079810000.0,11177.133,172702370000.0,12068.02,159473370000.0,12139.223,137277830000.0,11918.878
2023-07-07,164863520000.0,17997.314,158560860000.0,16905.363,133661100000.0,19401.705,171713820000.0,17725.006
2023-07-08,155395560000.0,16224.819,138548380000.0,18976.504,172461750000.0,18090.479,152077930000.0,20573.475
2023-07-09,133691120000.0,15968.886,172624800000.0,16569.127,146677270000.0,17329.746,149720890000.0,16142.116
2023-07-10,171503010000.0,14097.43,150287340000.0,13655.649,143369440000.0,14596.78,157156180000.0,14560.195
2023-07-11,146850280000.0,19735.332,123651736000.0,21100.305,161494650000.0,22338.87,142028180000.0,22556.258
2023-07-12,118440950000.0,20751.729,158348970000.0,20888.057,159974820000.0,21039.998,140238910000.0,23441.89
2023-07-13,150697820000.0,17407.604,152610060000.0,17654.545,120316560000.0,18194.738,151817290000.0,18286.443
2023-07-14,154000750000.0,22153.727,113566780000.0,21490.906,151819100000.0,18845.752,163824070000.0,20576.889
2023-07-15,107434900000.0,29360.963,154171830000.0,29829.166,162205700000.0,29999.451,163108520000.0,27444.664
2023-07-16,150438800000.0,23368.14,160714720000.0,23639.525,159963610000.0,23991.975,158803300000.0,25795.86
2023-07-17,159059210000.0,16235.677,152551460000.0,16158.024,152730340000.0,15992.612,137350640000.0,14608.246
2023-07-18,150332500000.0,16489.268,160609080000.0,17829.488,153829700000.0,16705.76,149818640000.0,15480.594
2023-07-19,149666780000.0,21995.562,152151900000.0,21822.748,157211460000.0,21438.926,164306100000.0,22480.697
2023-07-20,145890930000.0,15518.997,143508370000.0,15969.202,152203890000.0,16133.198,110917120000.0,15595.836
2023-07-21,138298820000.0,18996.541,159632490000.0,20424.424,105239870000.0,21683.87,121608860000.0,18878.969
2023-07-22,152704000000.0,20369.736,102837400000.0,19828.232,101506790000.0,22237.408,130464480000.0,19638.678
2023-07-23,101496490000.0,25287.568,107474750000.0,24967.748,121888700000.0,25334.938,132370596000.0,24879.797
2023-07-24,104022900000.0,25036.674,116076280000.0,24178.826,137602760000.0,24853.873,132728000000.0,29864.24
2023-07-25,109428800000.0,27179.045,133113400000.0,25946.445,122014710000.0,26799.422,78663520000.0,25286.604
2023-07-26,130508630000.0,19680.494,115179315000.0,19052.176,99646865000.0,17970.15,118316430000.0,21216.68
2023-07-27,115059100000.0,24327.568,96863680000.0,23401.729,104810185000.0,21106.412,132754640000.0,21044.01
2023-07-28,93518300000.0,20253.87,109547910000.0,19303.09,134609670000.0,18855.336,124595080000.0,20735.422
2023-07-29,106009660000.0,21593.682,135850620000.0,21710.816,106205870000.0,21643.344,85024145000.0,23358.377
2023-07-30,136044040000.0,24220.477,111269085000.0,23587.146,93516610000.0,23613.72,107320510000.0,24237.11
2023-07-31,117847700000.0,28225.365,110171600000.0,27547.377,114370220000.0,28504.877,92837220000.0,27213.04
2023-08-01,101896020000.0,31318.717,106849970000.0,30213.854,96513820000.0,28636.252,107281056000.0,30322.773
2023-08-02,102255000000.0,43302.14,90383290000.0,42825.26,107935240000.0,39469.01,109427950000.0,37159.906
2023-08-03,92522316000.0,32430.346,107597150000.0,32546.344,105019100000.0,32957.004,115801590000.0,37677.785
2023-08-04,107871370000.0,24325.65,98084980000.0,24863.203,121990350000.0,24394.47,151381280000.0,25579.998
2023-08-05,102886900000.0,30937.346,134610930000.0,30589.494,141995000000.0,27069.092,152696460000.0,28148.088
2023-08-06,132721150000.0,31230.396,149100130000.0,31115.209,135147650000.0,32435.822,150573220000.0,35329.887
2023-08-07,146409100000.0,16490.104,147320540000.0,17004.414,146642700000.0,16538.7,137459630000.0,16730.39
2023-08-08,139811620000.0,14538.536,145254880000.0,14124.379,135172290000.0,15201.077,124767930000.0,13552.062
2023-08-09,144043660000.0,13952.472,138315120000.0,13826.39,122024820000.0,13741.61,117958610000.0,13734.776
2023-08-10,127105040000.0,16161.505,120108840000.0,16113.3,128092310000.0,16745.236,111443120000.0,15756.624
2023-08-11,121362000000.0,14412.71,116934074000.0,14333.648,121649300000.0,14385.988,111704440000.0,16034.235
2023-08-12,118978896000.0,17837.5,118016140000.0,17732.486,129964620000.0,16950.676,111314895000.0,18448.023
2023-08-13,114929795000.0,14916.81,119682960000.0,14341.099,109331055000.0,14937.776,117398080000.0,15614.933
2023-08-14,116099270000.0,16779.844,108691600000.0,17101.725,123866940000.0,17838.951,121924485000.0,16872.316
2023-08-15,111294240000.0,13800.608,111039880000.0,13877.165,129172730000.0,13607.524,106804840000.0,13585.0205
2023-08-16,115364970000.0,13617.386,131826600000.0,13886.812,88792600000.0,14895.469,117828846000.0,13443.622
2023-08-17,123945520000.0,12743.7295,102223810000.0,12604.636,123253230000.0,12416.265,137319190000.0,14557.565
2023-08-18,106305980000.0,15253.008,119753930000.0,14662.378,141712000000.0,15049.004,142590740000.0,17403.463
2023-08-19,123852950000.0,15998.582,134833320000.0,17279.94,142090750000.0,17673.447,135573800000.0,16565.506
2023-08-20,,13546.996,,14590.691,136871480000.0,14490.565,131936944000.0,13857.016
2023-08-21,140550640000.0,13583.583,138319300000.0,14463.181,136430910000.0,15432.565,109497520000.0,14309.878
2023-08-22,131764280000.0,14796.796,133427405000.0,14902.702,106367420000.0,15250.641,111326660000.0,16295.274
2023-08-23,129363804000.0,14874.371,108136380000.0,15549.719,91559280000.0,14384.542,100929110000.0,16381.055
2023-08-24,106614970000.0,17719.719,93611926000.0,18795.742,95443616000.0,18588.451,91907230000.0,16883.06
2023-08-25,92146250000.0,22243.623,89781910000.0,21461.693,81584060000.0,20962.436,94809130000.0,23781.477
2023-08-26,89138470000.0,17654.662,88050655000.0,16467.256,84822330000.0,18634.457,106306500000.0,18500.424
2023-08-27,85145170000.0,22462.688,84251280000.0,21773.51,104885680000.0,20187.56,122230590000.0,18451.305
2023-08-28,85275795000.0,24054.908,106186990000.0,25057.87,111799680000.0,25166.016,101674844000.0,26222.256
2023-08-29,103360184000.0,18110.867,111936570000.0,19068.13,86542830000.0,18275.287,93984100000.0,17308.03
2023-08-30,102151490000.0,18975.879,85026324000.0,18877.326,102670290000.0,18861.486,98301120000.0,18054.977
2023-08-31,84421720000.0,19618.514,103321715000.0,18776.428,108082790000.0,19906.83,120737690000.0,17154.533
2023-09-01,99476720000.0,18327.81,102602290000.0,19146.22,123348255000.0,18876.52,128362185000.0,16728.05
2023-09-02,100279810000.0,15223.719,123087670000.0,16108.038,127121670000.0,18123.807,124965550000.0,18604.912
2023-09-03,123308050000.0,20220.818,123618360000.0,19463.553,127240470000.0,20495.443,120253580000.0,22537.383
2023-09-04,122490450000.0,24346.36,126563340000.0,24041.717,121167460000.0,23025.607,123701035000.0,21837.035
2023-09-05,127081005000.0,16328.933,124209250000.0,16999.523,125806840000.0,17068.686,117881180000.0,17713.982
2023-09-06,120679270000.0,13679.876,124512730000.0,14019.397,117240500000.0,15357.087,120285135000.0,15445.536
2023-09-07,121562300000.0,12505.978,115639730000.0,13327.6045,122105510000.0,14101.054,110789260000.0,14114.409
2023-09-08,115085900000.0,11340.257,121840435000.0,11449.067,113577886000.0,11376.472,90408390000.0,12062.957
2023-09-09,120545170000.0,12894.488,112951600000.0,13059.538,81195010000.0,11649.733,65126793000.0,11870.516
2023-09-10,111835650000.0,13587.367,93775500000.0,13779.239,68046340000.0,12793.415,78798190000.0,12409.013
2023-09-11,92126630000.0,12850.667,68195983000.0,13622.694,92041220000.0,13974.035,104176976000.0,13892.026
2023-09-12,65480204000.0,13620.289,82057470000.0,15570.716,103341000000.0,14659.699,107389700000.0,13375.032
2023-09-13,80775850000.0,13030.403,102319380000.0,13819.977,107132780000.0,13327.664,79201760000.0,14858.183
2023-09-14,104680810000.0,11220.364,109612100000.0,10947.554,69425610000.0,10349.419,86144090000.0,9806.972
2023-09-15,105131560000.0,16005.085,82639060000.0,15479.388,76680690000.0,16654.441,69278515000.0,11648.008
2023-09-16,69432880000.0,18070.76,75252000000.0,18566.467,70058070000.0,18519.627,81354930000.0,19971.885
2023-09-17,76240280000.0,20573.686,70017425000.0,20381.025,83727600000.0,21136.57,97503660000.0,18998.658
2023-09-18,75460770000.0,26489.799,87240655000.0,25149.797,85361410000.0,22565.717,38565183000.0,27268.562
2023-09-19,84391720000.0,22110.938,84408880000.0,21174.295,40657240000.0,22641.678,76633145000.0,21775.578
2023-09-20,80364340000.0,25757.662,44355650000.0,25408.393,77134100000.0,25055.36,88443585000.0,25713.389
2023-09-21,42766787000.0,27598.533,79862600000.0,29674.797,89078990000.0,27755.518,107178920000.0,28945.39
2023-09-22,77148450000.0,25909.906,92216530000.0,26592.443,106941250000.0,26389.443,101230410000.0,23660.162
2023-09-23,89616480000.0,16622.531,106225025000.0,17145.508,98039870000.0,18968.305,95967940000.0,18328.172
2023-09-24,104903434000.0,16839.305,98527896000.0,16855.469,94271720000.0,16667.121,88883460000.0,16908.19
2023-09-25,97439190000.0,10525.401,94509630000.0,10392.357,85294875000.0,10479.341,83529960000.0,11372.309
2023-09-26,92208300000.0,12096.633,77658260000.0,13333.526,83372870000.0,13275.458,87773710000.0,11681.278
2023-09-27,76223005000.0,16307.164,74664850000.0,17244.443,86141350000.0,15202.435,92850140000.0,14764.64
2023-09-28,75314730000.0,14532.261,83512630000.0,13362.661,95536870000.0,11982.277,93428760000.0,11560.261
2023-09-29,82708210000.0,19798.053,91949950000.0,19254.22,92238940000.0,20446.766,88055840000.0,16942.855
2023-09-30,90316310000.0,11039.358,94058450000.0,10629.627,88159945000.0,10567.174,62926260000.0,12420.698
2023-10-01,95772680000.0,12106.099,89881010000.0,12035.48,64964460000.0,11286.132,83631735000.0,10755.663
2023-10-02,91517180000.0,18459.232,62357643000.0,18560.44,78273000000.0,18400.615,78951430000.0,16866.33
2023-10-03,68552593000.0,25682.283,81398630000.0,24310.537,73148710000.0,24517.148,87916430000.0,23984.213
2023-10-04,80392190000.0,13406.074,79053180000.0,13235.903,92313810000.0,13547.316,92759640000.0,12537.456
2023-10-05,83780590000.0,9571.808,93423410000.0,9682.042,93120280000.0,10664.138,88242900000.0,10504.3955
2023-10-06,93462495000.0,9435.011,92138390000.0,9708.329,88430310000.0,9800.534,87100735000.0,9386.941
2023-10-07,90517620000.0,11616.359,88251010000.0,11567.434,87656070000.0,11516.532,86867984000.0,11581.466
2023-10-08,88921050000.0,10041.143,85318600000.0,10713.556,85166030000.0,11219.4375,79985410000.0,12383.173
2023-10-09,82285710000.0,9060.429,85968040000.0,8516.684,80490350000.0,9503.429,70248284000.0,9653.88
2023-10-10,83216900000.0,10850.386,81382875000.0,10790.25,63042666000.0,10814.942,65814823000.0,9010.468
2023-10-11,79400990000.0,16224.13,60307620000.0,15273.12,65231420000.0,14136.297,43443257000.0,15814.4375
2023-10-12,64468220000.0,18861.273,62651810000.0,17699.863,58376126000.0,17743.838,71162220000.0,18498.504
2023-10-13,64167535000.0,33502.844,51701040000.0,32738.479,74216595000.0,28334.65,39650476000.0,33023.863
2023-10-14,52477428000.0,23302.123,71372800000.0,23768.25,56603066000.0,22700.697,45181567000.0,32725.18
2023-10-15,67798856000.0,20269.53,58403697000.0,20923.47,49046200000.0,21269.877,25584780000.0,21449.408
2023-10-16,61533463000.0,23411.656,47946342000.0,23919.545,25779364000.0,24174.814,30882095000.0,24695.898
2023-10-17,52262224000.0,26187.697,24281194000.0,27404.041,34272264000.0,26777.633,22060770000.0,26552.82
2023-10-18,25439867000.0,33944.938,35188437000.0,31791.963,22425060000.0,28487.904,50679448000.0,31365.68
2023-10-19,33276600000.0,29177.07,30172496000.0,29294.795,45473080000.0,27122.62,57740657000.0,25982.295
2023-10-20,29958201000.0,31989.998,48860897000.0,33377.496,56297300000.0,38169.44,33880908000.0,35622.797
2023-10-21,51431600000.0,37328.926,61294170000.0,37507.24,30579507000.0,37952.113,45192937000.0,38098.477
2023-10-22,52422713000.0,20320.584,29521338000.0,21012.244,52671807000.0,21362.078,30232740000.0,22161.758
2023-10-23,25835620000.0,23528.963,43097047000.0,26721.111,21879276000.0,30296.68,17364173000.0,29945.258
2023-10-24,41480753000.0,22846.71,28695933000.0,23130.377,19902160000.0,26930.56,43413530000.0,27676.79
2023-10-25,27217994000.0,30228.15,19624362000.0,32493.123,41674007000.0,31449.758,39364633000.0,30892.812
2023-10-26,20117920000.0,25533.713,41183298000.0,26674.877,40633690000.0,27595.803,36470014000.0,32046.88
2023-10-27,43117930000.0,32386.49,41760915000.0,31964.938,32072688000.0,32712.146,34267840000.0,34402.49
2023-10-28,39168942000.0,37277.61,31816655000.0,37557.55,35156230000.0,38386.7,49106960000.0,36464.086
2023-10-29,31082443000.0,36506.24,21074580000.0,36458.703,42204643000.0,37605.215,31178244000.0,37601.395
2023-10-30,18510545000.0,25672.76,42249028000.0,26702.803,30520000000.0,30668.764,22623478000.0,29967.693
2023-10-31,42077130000.0,27324.799,28297679000.0,27912.914,22267142000.0,28402.037,35923780000.0,32224.578
2023-11-01,30192554000.0,35804.14,24092668000.0,34550.676,36554244000.0,35012.75,21108867000.0,37206.086
2023-11-02,23579960000.0,50669.92,36065436000.0,48307.246,20539040000.0,44510.77,34407210000.0,51316.61
2023-11-03,33305950000.0,31420.693,19351160000.0,33313.707,36734763000.0,29438.744,38448833000.0,29817.396
2023-11-04,21256022000.0,44560.168,39086750000.0,45677.668,38240993000.0,44447.594,36662616000.0,41509.67
2023-11-05,37898592000.0,43699.395,38725296000.0,43843.81,40656880000.0,45375.598,38610830000.0,47286.855
2023-11-06,39145345000.0,31051.984,42273060000.0,30641.906,36916690000.0,32067.469,19964477000.0,34881.992
2023-11-07,42113917000.0,23490.82,41422103000.0,23576.814,25177457000.0,23678.21,30415782000.0,26777.482
2023-11-08,41737870000.0,29112.127,23133782000.0,28569.107,33655431000.0,29080.365,34763620000.0,28543.44
2023-11-09,22129818000.0,33823.566,33082972000.0,33593.473,33422406000.0,34298.94,25976496000.0,33163.816
2023-11-10,34352517000.0,36809.312,36571484000.0,38161.605,23219920000.0,36512.066,19115606000.0,35580.434
2023-11-11,36461957000.0,19827.193,26704499000.0,19971.178,18550096000.0,19132.322,19421995000.0,18852.787
2023-11-12,25830932000.0,32345.453,17897497000.0,32780.066,23130280000.0,29021.803,34478526000.0,23290.686
2023-11-13,17920336000.0,37386.348,19699680000.0,36271.914,37369668000.0,34761.45,24412880000.0,34379.69
2023-11-14,20472648000.0,34052.645,38147723000.0,31168.63,20104462000.0,31069.252,32823640000.0,30045.033
2023-11-15,39182717000.0,22557.545,18618647000.0,21917.896,36356830000.0,22529.297,29666386000.0,20662.623
2023-11-16,21691351000.0,34762.848,32271581000.0,35702.996,27885486000.0,27750.725,31584346000.0,21658.354
2023-11-17,32475896000.0,19259.467,27471751000.0,19896.158,31745343000.0,22447.422,23366042000.0,29170.357
2023-11-18,22464473000.0,24489.58,33159043000.0,23591.688,28227158000.0,22247.797,25478971000.0,20523.803
2023-11-19,33255844000.0,28575.521,24163437000.0,26724.914,23710487000.0,27347.525,32264815000.0,25158.139
2023-11-20,26722630000.0,27723.6,23917030000.0,28122.96,32599548000.0,29482.572,30111318000.0,29154.406
2023-11-21,24922046000.0,25915.967,33715397000.0,26369.975,31066014000.0,27057.336,31111889000.0,28035.475
2023-11-22,36040960000.0,26689.209,31735091000.0,26894.102,24282436000.0,26470.94,36464010000.0,25909.57
2023-11-23,33675485000.0,20468.191,27288330000.0,19945.893,36224532000.0,21043.69,26106798000.0,19469.195
2023-11-24,26446957000.0,27848.115,36045783000.0,26686.275,30935929000.0,27804.662,17101234000.0,30322.44
2023-11-25,38215790000.0,21196.166,34422297000.0,22440.576,12047598000.0,22107.697,31151653000.0,25834.234
2023-11-26,34516270000.0,14195.491,10583319000.0,14019.573,30350000000.0,14357.747,29108888000.0,14055.617
2023-11-27,12174957000.0,28385.346,30842288000.0,27376.47,24711033000.0,26530.717,10340377000.0,27092.156
2023-11-28,30458774000.0,22856.842,28796826000.0,23196.61,12646265000.0,19172.904,12054340000.0,20116.111
2023-11-29,29009938000.0,15984.724,10249144000.0,16057.581,14085100000.0,18375.734,32737608000.0,19923.43
2023-11-30,10784481000.0,17583.006,15503036000.0,21132.354,34403013000.0,17952.02,33474527000.0,29378.975
2023-12-01,12746608000.0,18529.201,33893728000.0,16979.164,29844558000.0,19339.541,12384461000.0,18753.83
2023-12-02,31950932000.0,19523.047,32897747000.0,19714.498,14330630000.0,18927.799,23207002000.0,17217.283
2023-12-03,33353994000.0,23978.365,13612241000.0,23241.627,25883680000.0,23677.58,25285853000.0,20428.947
2023-12-04,14586437000.0,40295.29,25679720000.0,38913.16,26785726000.0,36436.926,13843050000.0,29513.54
2023-12-05,25589879000.0,30895.521,27334808000.0,31690.232,16614228000.0,31316.646,12425486000.0,31790.883
2023-12-06,29837033000.0,14181.849,16396239000.0,15190.496,14532809000.0,17784.324,11025215000.0,22935.414
2023-12-07,17493467000.0,25231.748,15489733000.0,25355.39,8171229000.0,27825.799,16596570000.0,31567.492
2023-12-08,14773419000.0,22675.078,9130132000.0,23104.916,17910014000.0,25724.889,12343636000.0,27391.232
2023-12-09,8672193000.0,38496.684,15517161000.0,37717.996,15904428000.0,36434.594,14839861000.0,34335.55
2023-12-10,17486662000.0,34089.625,15789953000.0,34036.688,16198154000.0,30990.984,19424990000.0,32053.102
2023-12-11,14944952000.0,27806.377,15060996000.0,28108.922,18078093000.0,28685.775,20245369000.0,27923.182
2023-12-12,15675165000.0,29499.578,18027920000.0,31447.877,18163450000.0,31130.861,24695431000.0,25522.42
2023-12-13,18101678000.0,31478.924,17542386000.0,31081.623,23052235000.0,33310.01,25044030000.0,31416.799
2023-12-14,18919130000.0,24762.467,23665983000.0,24721.352,24964956000.0,24920.303,27100660000.0,23386.586
2023-12-15,24861090000.0,14779.298,27260854000.0,14821.145,28625535000.0,15660.706,27584774000.0,16006.613
2023-12-16,33245410000.0,12859.712,32570900000.0,14633.444,31395205000.0,15160.548,18238087000.0,16389.13
2023-12-17,32517988000.0,11937.598,31067202000.0,12321.07,22855893000.0,12970.363,20696113000.0,11916.371
2023-12-18,31712770000.0,13205.382,23298714000.0,13200.511,21510046000.0,12999.675,10779402000.0,15595.1045
2023-12-19,22209712000.0,24293.51,22529750000.0,22652.334,10987475000.0,22310.408,16438579000.0,18688.521
2023-12-20,23948724000.0,27726.201,10342291000.0,29941.86,14968250000.0,28391.408,20440523000.0,28259.975
2023-12-21,10229073000.0,42126.844,18342932000.0,41918.168,20786655000.0,42153.55,18776179000.0,44238.316
2023-12-22,16201816000.0,41464.45,22453578000.0,40981.684,21147570000.0,40845.117,23271158000.0,43687.47
2023-12-23,20942014000.0,31720.115,20716198000.0,30537.79,23168864000.0,32271.545,26021802000.0,32219.383
2023-12-24,21728248000.0,33579.703,23696687000.0,32707.266,,32445.975,,31500.68
2023-12-25,,31498.705,,28972.617,,28292.025,,27111.617
2023-12-26,26020907000.0,20456.344,33163921000.0,28319.107,18273792000.0,23792.95,19380797000.0,21709.604
2023-12-27,30390060000.0,28149.201,17952203000.0,26537.14,21675844000.0,,23723459000.0,28240.164
2023-12-28,18413953000.0,30897.201,20681155000.0,30312.588,25098043000.0,30873.574,19905642000.0,36674.94
2023-12-29,18880283000.0,27558.271,25603748000.0,29096.68,17931580000.0,29764.408,16969212000.0,31143.912
2023-12-30,24949686000.0,25742.86,18061590000.0,27878.482,20636017000.0,25637.287,6638543000.0,33194.51
2023-12-31,17577400000.0,43686.734,17773439000.0,43715.168,6922379300.0,45520.605,20969247000.0,41863.305
2024-01-01,19663802000.0,31770.773,8863429000.0,33808.855,17425290000.0,33275.96,23141896000.0,36701.29
2024-01-02,,42810.824,,47035.926,,48070.953,,47732.754
2024-01-03,20130556000.0,44753.324,23222909000.0,42292.336,18153722000.0,43039.316,19293508000.0,39677.07
2024-01-04,21891390000.0,31947.768,17527466000.0,30119.34,20208542000.0,36149.062,22829736000.0,32949.164
2024-01-05,16619726000.0,20761.834,21464560000.0,20167.092,21462974000.0,21431.58,24322945000.0,27073.004
2024-01-06,21407801000.0,25045.271,18514162000.0,26086.28,25983185000.0,26785.438,29062668000.0,26429.484
2024-01-07,22261142000.0,31921.71,26390090000.0,34736.414,30711120000.0,32830.703,20134576000.0,31335.297
2024-01-08,25200882000.0,29477.541,31549616000.0,30233.014,23534543000.0,31074.701,27071570000.0,32763.678
2024-01-09,30036724000.0,16521.377,22310312000.0,17084.19,32096256000.0,18676.373,33319723000.0,20665.088
2024-01-10,22571756000.0,16321.483,32254188000.0,16582.943,35463668000.0,15944.087,33955537000.0,18715.822
2024-01-11,31235987000.0,20778.52,34393612000.0,20679.512,36342600000.0,20337.117,27225129000.0,22788.633
2024-01-12,36255200000.0,18492.908,34600874000.0,17875.916,30164713000.0,18155.498,26415718000.0,20049.643
2024-01-13,35716325000.0,13461.749,28468080000.0,13421.426,30775472000.0,12497.073,31756435000.0,12316.618
2024-01-14,25243759000.0,11784.95,24658194000.0,11834.358,36802150000.0,11879.642,11023434000.0,10888.862
2024-01-15,23590658000.0,16821.502,30355251000.0,17722.588,10793222000.0,17880.732,29294748000.0,18321.172
2024-01-16,27729460000.0,15189.125,11661834000.0,15039.241,22820258000.0,14052.282,35597947000.0,15363.255
2024-01-17,10995548000.0,31010.725,20205705000.0,31433.158,33041492000.0,31750.877,45727875000.0,32917.277
2024-01-18,,33962.22,,31268.104,,25268.486,,21728.213
2024-01-19,40421050000.0,18919.877,46605173000.0,18249.062,28496478000.0,18107.395,19691848000.0,19240.953
2024-01-20,45981204000.0,17146.506,28980847000.0,17898.61,19179921000.0,19903.148,18718556000.0,17636.018
2024-01-21,29987380000.0,31231.438,19342030000.0,30486.602,20632318000.0,30614.426,30266180000.0,17385.918
2024-01-22,18918339000.0,38564.527,21564960000.0,38356.17,26514842000.0,39210.574,35119923000.0,39134.79
2024-01-23,23615541000.0,29511.844,22799716000.0,29593.076,32163815000.0,29567.908,27285455000.0,32997.75
2024-01-24,25122961000.0,29223.19,33010543000.0,27359.264,26622140000.0,27020.82,42369940000.0,29117.18
2024-01-25,32919718000.0,18787.65,26391837000.0,18880.838,43889672000.0,17788.498,41285763000.0,20010.303
2024-01-26,28694495000.0,21815.15,44866880000.0,20146.305,41898435000.0,21900.242,37803370000.0,20667.848
2024-01-27,42012700000.0,15193.3545,40486556000.0,16643.86,35845520000.0,15770.222,32601555000.0,14693.953
2024-01-28,39624983000.0,22803.924,38168330000.0,22763.697,34664850000.0,22855.467,41522897000.0,24132.12
2024-01-29,36293420000.0,22609.914,31760237000.0,21529.746,38791283000.0,22949.906,21531951000.0,25348.693
2024-01-30,36194386000.0,15765.456,42307470000.0,16328.757,22595338000.0,21213.16,36922343000.0,18233.744
2024-01-31,45219520000.0,11828.321,26639196000.0,11798.526,44604720000.0,11803.69,44062474000.0,13969.796
2024-02-01,25294012000.0,17752.664,38313680000.0,18996.217,36992328000.0,17947.836,40903967000.0,18611.932
2024-02-02,37041857000.0,16065.699,36087670000.0,16704.678,40170545000.0,14031.669,41357517000.0,15134.368
2024-02-03,38348874000.0,16494.766,41072517000.0,16044.763,42118676000.0,16003.785,30945559000.0,12892.114
2024-02-04,40258863000.0,18337.227,39806976000.0,19126.014,29903462000.0,17771.65,27244257000.0,17756.492
2024-02-05,42071904000.0,17974.43,29096358000.0,18180.102,23709565000.0,17775.793,34141438000.0,16167.058
2024-02-06,33287200000.0,26960.764,26631152000.0,25310.162,26682130000.0,25705.506,32204235000.0,21764.943
2024-02-07,,33145.234,,33448.414,,32372.08,,33529.81
2024-02-08,28877054000.0,36303.89,24079581000.0,29466.557,20947739000.0,36404.867,35143467000.0,37322.504
2024-02-09,21343960000.0,34012.543,18453076000.0,33921.0,41149330000.0,38612.258,49664016000.0,36161.62
2024-02-10,,21770.146,,27428.186,,26837.965,,25602.115
2024-02-11,39363318000.0,33200.37,36151800000.0,34726.51,46821770000.0,33978.11,44331010000.0,37917.277
2024-02-12,33981764000.0,17764.834,44976247000.0,15673.1875,42939040000.0,20872.027,34455330000.0,20853.385
2024-02-13,51792780000.0,19360.447,46065450000.0,20891.93,37625455000.0,18191.348,31745278000.0,19337.102
2024-02-14,,23380.846,,22023.807,,22217.361,,21879.127
2024-02-15,41337660000.0,26122.799,33089462000.0,21423.734,49855234000.0,26344.143,30620402000.0,21980.693
2024-02-16,26940527000.0,23168.469,49090720000.0,25036.033,32298082000.0,26516.191,44208300000.0,21200.018
2024-02-17,56273040000.0,15154.367,36411430000.0,14252.914,43749147000.0,15558.25,46231110000.0,15292.266
2024-02-18,37384820000.0,20961.803,43662537000.0,19843.314,52600290000.0,19599.707,34515223000.0,19950.646
2024-02-19,43723547000.0,21778.027,48310067000.0,21465.904,26856178000.0,20363.818,26151830000.0,22852.326
2024-02-20,53004630000.0,18135.652,28483727000.0,19326.531,23246709000.0,16871.092,47992520000.0,18871.635
2024-02-21,28954320000.0,27505.752,19737321000.0,26977.365,48969466000.0,28930.75,49395680000.0,26834.352
2024-02-22,22296297000.0,46246.74,50468995000.0,44888.812,53779677000.0,45441.176,20621230000.0,43509.727
2024-02-23,51528286000.0,33776.16,53935333000.0,33314.887,35184240000.0,33860.598,29570170000.0,33456.28
2024-02-24,54273057000.0,27967.932,32097264000.0,28497.46,35110060000.0,32096.041,38895550000.0,27579.164
2024-02-25,30586655000.0,32188.639,35514786000.0,31612.924,41318502000.0,29792.432,55504454000.0,34822.77
2024-02-26,35792640000.0,33585.625,38821070000.0,30956.19,57890898000.0,32906.09,56403108000.0,26471.398
2024-02-27,44197990000.0,31080.139,59551166000.0,30238.553,53611315000.0,27728.32,51558890000.0,29463.453
2024-02-28,58362823000.0,20630.15,49800217000.0,20979.568,48560800000.0,19795.967,47964783000.0,17724.78
2024-02-29,51342580000.0,23730.33,47936135000.0,22581.885,44376654000.0,21380.447,42565435000.0,22194.594
2024-03-01,50183447000.0,33899.27,43861540000.0,33228.418,40050598000.0,31970.916,66049260000.0,30838.281
2024-03-02,44477964000.0,28589.602,40864014000.0,29396.852,68903810000.0,27079.523,39159170000.0,25086.436
2024-03-03,41567200000.0,22342.955,64649044000.0,20720.139,51073597000.0,19817.64,65016807000.0,22118.5
2024-03-04,65861540000.0,19025.322,53164090000.0,19372.824,66455503000.0,17255.023,85376810000.0,17268.906
2024-03-05,62970163000.0,23876.94,67277263000.0,22088.424,87202234000.0,24586.81,56931420000.0,20987.066
2024-03-06,71179710000.0,14243.347,87891894000.0,14442.075,56092525000.0,14402.69,48527983000.0,15256.798
2024-03-07,,14472.993,,25423.016,,26144.703,,24296.244
2024-03-08,59571126000.0,28607.475,41323897000.0,29682.354,61754320000.0,28065.521,62675960000.0,28249.453
2024-03-09,42887660000.0,31262.234,60529033000.0,30166.32,62336074000.0,29824.582,54354380000.0,28647.807
2024-03-10,59089820000.0,14930.276,59457700000.0,16331.438,58471834000.0,16249.8,77491010000.0,20161.81
2024-03-11,61601694000.0,21619.203,52997810000.0,21069.854,84891590000.0,20634.137,95306610000.0,23843.463
2024-03-12,54268113000.0,22850.908,76329270000.0,19350.635,77840966000.0,19228.38,57300255000.0,18526.836
2024-03-13,82592150000.0,16483.088,76542984000.0,16595.28,59355940000.0,14711.366,63664570000.0,14184.71
2024-03-14,79814170000.0,20839.127,64976675000.0,20762.82,77779160000.0,21973.086,52507558000.0,20354.389
2024-03-15,68490502000.0,27648.342,76524200000.0,27147.557,57950060000.0,27855.844,67822730000.0,29923.1
2024-03-16,76507234000.0,18829.691,57227903000.0,18108.47,78833600000.0,17978.148,91928920000.0,21462.227
2024-03-17,56904900000.0,14730.751,76076820000.0,14474.121,98546880000.0,14200.464,87868604000.0,16087.308
2024-03-18,76781180000.0,15026.808,92998330000.0,13163.56,89729910000.0,12619.097,91258620000.0,10970.554
2024-03-19,98797860000.0,10430.64,87485776000.0,10803.981,97424920000.0,11052.86,106720070000.0,11023.285
2024-03-20,85208720000.0,14646.724,90586620000.0,14843.766,101918310000.0,15853.449,86521184000.0,15334.79
2024-03-21,103668740000.0,11554.75,105013190000.0,13180.11,89777440000.0,10286.009,87745530000.0,10142.9795
2024-03-22,104593930000.0,15709.617,92507720000.0,14971.507,93636624000.0,12432.176,87502684000.0,11927.7
2024-03-23,92043100000.0,33039.973,88913625000.0,32986.04,89378190000.0,32217.562,37367742000.0,31683.547
2024-03-24,,30082.701,,26268.281,,26718.07,,27096.023
2024-03-25,84966510000.0,21579.13,37741085000.0,12013.602,77855965000.0,22079.154,82598950000.0,23602.436
2024-03-26,39426666000.0,22886.78,72177290000.0,21094.623,95861660000.0,22154.055,62498554000.0,21423.441
2024-03-27,76805865000.0,28314.912,94131650000.0,30103.256,58100466000.0,30218.967,64409125000.0,28279.166
2024-03-28,94033360000.0,41236.883,54103425000.0,40727.785,66811920000.0,40180.12,56306565000.0,36796.29
2024-03-29,56003600000.0,31636.828,61482320000.0,32462.97,64859824000.0,34201.895,85959950000.0,32981.973
2024-03-30,72033390000.0,21897.283,58887570000.0,19942.826,90580615000.0,20991.863,77277250000.0,21135.814
2024-03-31,,25957.152,,24714.072,,22910.812,,28520.89
2024-04-01,91147990000.0,29632.703,93498260000.0,24637.12,75165516000.0,29601.713,95425330000.0,30415.92
2024-04-02,93733880000.0,30444.518,78796820000.0,30471.582,77333040000.0,31676.742,104456390000.0,33548.36
2024-04-03,73472920000.0,30213.602,78362300000.0,31061.57,96010486000.0,28553.744,113944674000.0,31807.312
2024-04-04,86311650000.0,30107.732,95038095000.0,30722.51,118624160000.0,30721.967,79968440000.0,33225.727
2024-04-05,92203190000.0,31204.654,116529365000.0,31138.424,83653490000.0,31104.283,89383305000.0,34918.09
2024-04-06,113596010000.0,36928.754,76964230000.0,37072.832,95849775000.0,36724.492,75148720000.0,37573.29
2024-04-07,76131910000.0,22950.12,91204500000.0,23697.018,88662410000.0,24041.719,117480160000.0,24811.803
2024-04-08,89921044000.0,28874.984,92468950000.0,29574.088,115888360000.0,27206.271,123827880000.0,23681.701
2024-04-09,,40230.3,,35471.652,,35054.61,,32290.62
2024-04-10,,,,23193.781,,21828.375,,21555.682
2024-04-11,,,,,,18464.918,,14837.124
2024-04-12,,,,,,,,9977.384
